key,zh,en,ja,es,ru,fr,de,tr,ko,pl,pt,da,nl,it,uk,bg,hi,ar
pig_meat,猪肉,pork,豚肉,Cerdo,свинина,Du porc,Schweinefleisch,domuz,돼지 고기,Wieprzowina,Carne de porco,svinekød,varkensvlees,carne di maiale,Свинина,свинско месо,सुअर का मांस,لحم خنزير
pig_meat_info,生的猪肉上面还有血,Raw pork has blood on it,生豚肉には血がある,Cerdo crudo tiene sangre en él,Сырая свинина имеет кровь на нем,Le porc cru a du sang dessus,Rohes Schweinefleisch hat Blut darauf,Çiğ domuz üzerinde kan var,원시 돼지  고기에 피가 묻어있다.,Surowa wieprzowina ma na sobie krew,Carne de porco crua tem sangue,Rå svinekød har blod på det,Ruw varkensvlees heeft bloed erop,Il maiale crudo ha sangue su di esso,Нечиста свинина має кров на ній,Суровото свинско има кръв,कच्चे सूअर का मांस उस पर खून है,لحم ال خنزير الخام لديه الدم على ذلك
pig_meat_cook,熟猪肉,Cooked pork,調理済みの豚肉,Cerdo cocinado,Приготовленная свинина,Porc cuit,Gekochtes Schweinefleisch,Pişmiş domuz eti,돼지 고기 요리,Gotowana wieprzowina,Carne de porco cozida,Kogt svinekød,Gekookt varkensvlees,Maiale cotto,Свиняча варена,Варено свинско месо,पका हुआ सूअर का मांस,لحم الخنزير المطبوخ
pig_meat_cook_info,烤熟的猪肉,Roasted pork,ローストポーク,Cerdo asado,Жареная свинина,Porc rôti,Gebratenes Schweinefleisch,Kavrulmuş domuz,볶은 돼지 고기,Pieczona wieprzowina,Carne de porco assada,Brændt svinekød,Geroosterd varkensvlees,Maiale arrosto,Смажена свинина,Печено свинско месо,भुना हुआ सूअर का मांस,لحم الخنز ير المحمص
multiplayer,多人游戏,multiplayer game,マルチプレイヤーゲーム,Juego multijugador,Многопользовательская игра,Jeu multijoueur,Multiplayer-Spiel,Çok oyunculu oyun,멀티 플레이어 게임,Gra wieloosobowa,Jogo multijogador,Multiplayer spil,Multiplayer-spel,Gioco multiplayer,Багатокористувацька гра,Групова игра,मल्टीप्लेय र गेम,لعبة متعددة اللاعبين
multiplayer_test,正在施工,Under construction,建設中,En construcción,В стадии строительства,En construction,Im Bau,Yapım aşamasında,공사중,W budowie,Em construção,Under opførelse,In aanbouw,In costruzione,На стадії будівництва,В  процес на изграждане,निर्माणाधीन,تحت الانشاء
pressure_board,压力板,Pressure board,プレッシャープレート,Placa de presión,Давление,Plaque de pression,Druckplatte,Basınç plakası,압력판,Płyta dociskowa,Placa de pressão,Trykplade,Drukplaat,Piastra di pressione,Напірна плита,Табелка з а налягане,दबाव प्लेट,لوحة الضغط
pressure_board_info,一种简单的机关,a simple organ,単純な器官,un simple órgano,простой орган,un orgue simple,ein einfaches Organ,basit bir organ,단순한 기관,prosty narząd,um órgão simples,et enkelt organ,een eenvoudig orgel,un organo semplice,простий орган,прост орган,एक साधारण अंग,عضو بسيط
relic_stone,遗迹石,Relics,遺物,Reliquias,Каменные руины,Reliques,Relikte,Taş kalıntıları,유적,Relikwie,Relíquias,Stone ruiner,steenruïnes,rovine di pietra,Мощі,руини камък,स्टोन खंडहर,أطلال الحجر
relic_stone_info,上面有古人的信息,There is information about the ancients above.,上記の古代人についての情報があります。,Hay información sobre los antiguos mencionados anteriormente.,Существует информация о древних выше.,Il y a des informations sur les anciens ci-dessus.,Es gibt Informationen über die Alten oben.,Yukarıdaki eskiler hakkında bilgi var.,위의 고대인에 대한 정보가 있습니다.,Są tam informacje o starożytnych.,Há informações sobre os antigos acima.,Der er oplysninger om de gamle over.,Er is informatie over de Ouden hierboven.,Ci sono informazioni sugli antichi di cui sopra.,Є інформація про попередніх вище.,Има информация за древните по-горе.,उपरोक्त पूर्वजों के बारे में जानकारी है।,هناك معلومات عن القدماء أعلا ه.
herb,药草,Herb,ハーブ,Hierba,травы,Herbe,Herb,Otlar,허브,Herb,Erva,Urter,kruiden,odori,Трави,Билки,जड़ी बूट ी,الأعشاب
herb_info,一种可以治愈伤口的植物,a plant that can heal a wound,創傷を治すことができる植物,una planta que puede sanar una herida,растение, к оторое может излечить рану,une plante qui peut guérir une plaie,eine Pflanze, die eine Wunde heilen kann,bir yarayı iyileştirebilen bir bitki,상처를 치유 할 수있는 식물,roślina, która może wyleczyć ranę,uma planta que pode curar uma ferida,en plante, der kan helbrede et sår,een plant die een wond kan genezen,una pianta che può guarire una ferita,рослина, яка може зцілити рану,растение, което може да излек ува рана,एक पौधे जो घाव को ठीक कर सकता है,نبات يمكنه شفاء الجرح
wood_bowl_herb,捣碎药草,Chopped herb,チョップドハーブ,Hierba picada,Измельченная трава,Herbe hachée,Gehacktes Kraut,Doğranmış o,다진 허브,Posiekane zioło,Erva picada,Hakkede urt,Gehakt kruid,Erba tritata,Нарізана трава,Нарязана билка,चट्टान जड़ी बूटी,عشب مفروم
wood_bowl_herb_info,捣碎了的药草方便使用,Broken herbs are easy to use,壊れたハーブは使いやすい,Las hierbas rotas son fáciles de usar,Сломанные трав ы просты в использовании,Les herbes cassées sont faciles à utiliser,Gebrochene Kräuter sind einfach zu bedienen,Kırık otlar kullanımı kolaydır,부서진 허브는 사용하기 쉽다.,Zepsute zioła są łatwe w użyciu,Ervas quebradas são fáceis de usar,Brokede urter er nemme at bruge,Gebroken kruiden zijn gemakkelijk te gebruiken,Le erbe spezzate sono facili da usare,Розбиті трави легко використовувати,Счупените билки са  лесни за използване,टूटी जड़ी बूटियों का उपयोग करना आसान है,الأعش اب المكسورة سهلة الاستخدام
save_end,保存完毕,Saved,保存された,Guardado,Были сохранены,Enregistré,Gespeichert,kaydedildi,저장 됨,Uratowany,Salvo,blevet gemt,gered,state salvate,Збережено,е запазена,सहेज लिया गया,تم حفظها
saveing,保存中,saving,保存する,Ahorro,сохранение,Sauver,Speichern,koruma,저장 중,Zapisywanie,Salvando,Bevarelse,behoud,conservazione,Збереження,запазване,hi,ar
#,中文,英语,日本,西班牙,俄罗斯,法语,德语,土耳其,韩国,波兰,葡萄牙,丹麦,荷兰,意大利,乌克兰,保加利亚,印度语,阿拉伯
#,中文,英语,中国語,Chino,китайский,Chinois,Chinesisch,Çinli,중국어,Chiński,Chinês,kinesisk,Chinese,cinese,Китайський,китайски,चीनी,الصينية
ui,ui,ui,UI,UI,UI,UI,Benutzeroberfläche,UI,UI,Interfejs użytkownika,UI,UI,UI,UI,Інтерфейс користувача,UI,यूआई,UI
start,开始,start,スタート,Comenzar,начать,Début,Starten,başlamak,시작,Zacznij,Começar,Begynd,beginnen,iniziare,Почати,започвам,शुरू करना,بدأ
load,加载,load,負荷,Carga,нагрузка,Charge,Laden,yük,로드,Załaduj,Load,Load,belasting,carico,Завантаження,натоварване,भार,حمل
set,设置,set,設定,Ajuste,устанавливать,Réglage,Einstellung,kurmak,설정,Ustawienie,Configuração,Opsæt,oprichten,impostare,Налаштування,Създаване,सेट करें,نصب
help,帮助,help,ヘルプ,Ayuda,помощь,Aide,Hilfe,Yardım,도움말,Pomoc,Ajuda,Hjælp,Help,Aiuto,Допомога,Помощ,मदद,مساعدة
exit,退出,exit,出口,Salir,выход,Quitter,Beenden,çıkmak,출구,Wyjdź,Saída,Afslut,ophouden,smettere,Вихід,напускам,छोड़ना,استقال
return,返回,return,戻る,Regreso,возвращение,Retour,Zurück,dönüş,돌아 가기,Wróć,Retorno,Retur,terugkeer,ritorno,Повернення,връщане,वापसी,عودة
close,关闭,close,閉じる,Cerrar,близко,Fermer,Schließen,yakın,닫기,Zamknij,Fechar,Luk,dicht,vicino,Закрити,близо,पास,قريب
sure,确定,sure,決定する,Determinar,определить,Déterminer,Ermitteln,belirlemek,결정,Ustal,Determinar,Bestem,bepalen,determinare,Визначте,Определя,निर्धारित,حدد
music,音乐,music,音楽,Música,музыка,Musique,Musik,müzik,음악,Muzyka,Music,musik,muziek,musica,Музика,музика,संगीत,موسيقى
music effect,音效,music effects,効果音,Efecto de sonido,Звуковой эффект,Effet sonore,Soundeffekt,Ses efekti,효과음,Efekt dźwiękowy,Efeito sonoro,Lydeffekt,Geluidseffect,Effetto sonoro,Звуковий ефект,Звуков ефект,ध्वनि प्रभाव,تأثير الصوت
languare,语言,language,言語,Idioma,язык,Langue,Sprache,dil,언어,Język,Idioma,sprog,taal,lingua,Мова,език,भाषा,لغة
set seed,地图种子,map seed,マップシード,Mapa de semilla,Карта семян,Graine de carte,Kartensamen,Harita çekirdeği,지도 시드,Mapuj ziarno,Semente do mapa,Kort frø,Kaart zaad,Map seed,Насіння карти,Карта семена,नक्शा बीज,بذور الخريطة
save,保存,save,保存する,Guardar,Сохранить,Sauvegarder,Speichern,Kaydet,저장,Zapisz,Salvar,Gem,Save,Salva,Зберегти,Запази,सहेजें,حفظ
sure exit,确定退出,sure exit,出口を確認する,Confirmar salida,Подтвердить выход,Confirmer la sortie,Bestätigen Sie den Ausgang,Çıkışı onayla,이탈 확인,Potwierdź wyjście,Confirme a saída,Bekræft afslutningen,Bevestig exit,Conferma l'uscita,Підтвердьте вихід,Потвърдете изхода,बाहर निकलें की पुष्टि करें,تأكيد الخروج
build,建造,build,建設,Construcción,строить,Construction,Bau,inşa etmek,건설,Budowa,Construção,Byg,bouwen,costruire,Будівництво,Изграждане,निर्माण,بناء
build_bg,建造(背景),build(bg),建設（背景）,Construcción (fondo),Строительство (фон),Construction (arrière-plan),Konstruktion (Hintergrund),Inşaat (arka plan),건설 (배경),Budowa (tło),Construção (fundo),Byggeri (baggrund),Bouw (achtergrond),Costruzione (sfondo),Будівництво (фон),Строителство (фон),निर्माण (पृष्ठभूमि),البناء (الخلفية)
hurt mode,攻击,hurt,攻撃,Ataque,атака,Attaque,Angriff,saldırı,공격,Atak,Ataque,Attack,aanval,attacco,Атака,атака,आक्रमण,هجوم
you died,你死了,you died,あなたは死んでいる,Estás muerto,Ты мертв,Tu es mort,Du bist tot,Sen öldün,너 죽었어.,Jesteś martwy,Você está morto,Du er død,Je bent dood,Sei morto,Ти мертвий,Ти си мъртъв,तुम मर चुके हो,أنت ميت
delete,删除记录,delete save,レコードを削除する,Eliminar registro,Удалить запись,Supprimer l'enregistrement,Datensatz löschen,Kaydı sil,레코드 삭제,Usuń rekord,Excluir registro,Slet posten,Record verwijderen,Elimina record,Видалити запис,Изтриване на записа,रिकॉर्ड हटाएं,حذف السجل
sure delete?,确定要删除？,Are you sure you want to delete? ,削除してもよろしいですか？,¿Estás seguro de que quieres eliminar?,Вы действительно хотите удалить?,Êtes-vous sûr de vouloir supprimer?,"Sind Sie sicher, dass Sie löschen möchten?",Silmek istediğinden emin misin?,정말로 삭제 하시겠습니까?,Czy na pewno chcesz usunąć?,Tem certeza de que deseja excluir?,"Er du sikker på, at du vil slette?",Weet je zeker dat je wilt verwijderen?,Sei sicuro di voler eliminare?,"Ви впевнені, що хочете видалити?",Наистина ли искате да изтриете?,क्या आप वाकई हटाना चाहते हैं?,هل أنت متأكد من أنك تريد حذف؟
load_assets,加载资源中,Loading resources,リソースの読み込み,Cargando recursos,Загрузка ресурсов,Chargement des ressources,Ressourcen werden geladen,Kaynak yükleme,리소스로드 중,Ładowanie zasobów,Carregando recursos,Indlæser ressourcer,Laadbronnen laden,Caricamento risorse,Завантаження ресурсів,Зареждане на ресурси,संसाधन लोड हो रहा है,تحميل الموارد
init_map,初始化地形(地形生成时间稍长),Initialize the terrain(Terrain generation time is slightly longer),地形を初期化する（地形の生成時間はわずかに長くなります）,Inicialice el terreno (el tiempo de generación del terreno es un poco más largo),Инициализация местности (время генерации местности немного длиннее),Initialiser le terrain (le temps de génération du terrain est légèrement plus long),Initialisiere das Terrain (die Terrain-Generierungszeit ist etwas länger),Araziyi ilklendirin (arazi oluşturma süresi biraz daha uzundur),지형 초기화 (지형 생성 시간이 약간 더 길어짐),Zainicjuj teren (czas generowania terenu jest nieco dłuższy),Inicialize o terreno (o tempo de geração do terreno é ligeiramente maior),Initialiser terrænet (terrængenereringstiden er lidt længere),Initialiseer het terrein (de generatietijd van het terrein is iets langer),Inizializza il terreno (il tempo di generazione del terreno è leggermente più lungo),Ініціалізувати місцевість (час генерації ландшафту трохи довший),Инициализирайте терена (времето за генериране на терена е малко по-дълго),इलाके को शुरू करें (इलाके की पीढ़ी का समय थोड़ा लंबा है),تهيئة التضاريس (وقت إنشاء التضاريس أطول قليلاً)
gui_op,gui透明度,Gui transparency,Guiの透明性,Transparencia Gui,Гуйская прозрачность,Transparence Gui,Gui Transparenz,Gui şeffaflığı,귀 투명성,Przejrzystość Gui,Transparência Gui,Gui gennemsigtighed,Gui transparantie,Trasparenza gui,Гуї прозорість,Gui прозрачност,गुई पारदर्शिता,الشفافية الشفافية
gui_bar,物品栏是否隐藏,Whether the item bar is hidden,アイテムバーが非表示になっているかどうか,Si la barra de elementos está oculta,Является ли панель элементов скрытой,Si la barre d'élément est cachée,Ob die Positionsleiste ausgeblendet ist,Öğe çubuğunun gizli olup olmadığı,항목 표시 줄이 숨겨져 있는지 여부,"Określa, czy pasek elementów jest ukryty",Se a barra de itens está oculta,Uanset om artikellinjen er skjult,Of de itembalk verborgen is,Se la barra degli articoli è nascosta,Чи є панель елементів прихованою?,Дали лентата с елементи е скрита,चाहे आइटम बार छुपा हुआ हो,ما إذا كان شريط العناصر مخفيًا
enable,启用,enable,有効にする,Habilitar,Включить,Activer,Aktivieren,etkinleştirme,사용,Włącz,Ativar,Aktiver,in staat stellen,permettere,Увімкнути,Активиране,सक्षम करें,مكن
start from steam,请用steam打开,Please open with steam,蒸気で開けてください,Por favor abre con vapor,"Пожалуйста, откройте пар",S'il vous plaît ouvrir avec de la vapeur,Bitte mit Dampf öffnen,Lütfen buharla aç,증기로 열어주세요.,Otwórz za pomocą pary,"Por favor, abra com vapor",Vent venligst med damp,Open alsjeblieft met stoom,Per favore apri a vapore,"Будь ласка, відкрийте паром","Моля, отворете с пара",भाप के साथ खोलें,يرجى فتح مع البخار
#,#,#,＃,#,#,#,#,#,#,#,#,#,#,#,#,#,#,#
hungry,饥饿,hungry,飢え,Hambre,голодание,Faim,Hunger,açlık,기아,Głód,Fome,sult,honger,fame,Голод,глад,भूख,جوع
hungry_info,在不吃饭就要死了,I will die if I don’t eat.,私が食べないと私は死ぬだろう。,Moriré si no como.,"Я умру, если не буду есть.",Je vais mourir si je ne mange pas.,"Ich werde sterben, wenn ich nicht esse.",Yemezsem öleceğim.,내가 먹지 않으면 나는 죽을 것이다.,"Umrę, jeśli nie będę jeść.",Eu vou morrer se eu não comer.,"Jeg vil dø, hvis jeg ikke spiser.",Ik zal sterven als ik niet eet.,Morirò se non mangio.,"Я помру, якщо не буду їсти.","Ще умра, ако не ям.",अगर मैं नहीं खाता तो मैं मर जाऊंगा।,سأموت إن لم آكل.
thirst,饥渴,thirst,飢え,Hambre,жаждать,Faim,Hunger,susuzluk,기아,Głód,Fome,tørst,dorst,sete,Голод,жажда,प्यास,عطش
thirst_info,在不喝水就要死了,I will die if I don't drink water,私は水を飲まなければ私は死ぬだろう。,Moriré si no bebo agua.,"Я умру, если не буду пить воду.",Je vais mourir si je ne bois pas d'eau.,"Ich werde sterben, wenn ich kein Wasser trinke.",Su içmezsem öleceğim.,내가 물을 마시지 않으면 나는 죽을 것이다.,"Umrę, jeśli nie napiję się wody.",Eu vou morrer se eu não beber água.,"Jeg vil dø, hvis jeg ikke drikker vand.",Ik zal sterven als ik geen water drink.,Morirò se non bevo acqua.,"Я помру, якщо я не п'ю воду.","Ще умра, ако не пия вода.",अगर मैं पानी नहीं पीता तो मैं मर जाऊंगा।,سأموت إن لم أشرب الماء.
parasite,寄生虫,parasite,寄生虫,Parásito,Паразиты,Parasite,Parasit,Parazitler,기생충,Pasożyt,Parasita,Parasitter,parasieten,parassiti,Паразит,Паразити,परजीवी,طفيليات
parasite_info,下次不能在生吃食物了,You can't eat raw food next,次回は生の食べ物を食べることができません。,No puedo comer alimentos crudos la próxima vez.,В следующий раз я не могу есть сырую пищу.,Je ne peux pas manger de la nourriture crue la prochaine fois.,Ich kann das nächste Mal kein rohes Essen essen.,Bir dahaki sefere çiğ yiyemiyorum.,나는 다음 번에 생식을 먹을 수 없다.,Nie mogę jeść surowego jedzenia następnym razem.,Eu não posso comer comida crua da próxima vez.,Jeg kan ikke spise rå mad næste gang.,Ik kan de volgende keer geen rauw voedsel eten.,Non posso mangiare cibo crudo la prossima volta.,Я не можу з'їсти сиру їжу наступного разу.,Не мога да ям суха храна следващия път.,मैं अगली बार कच्चे भोजन नहीं खा सकता।,لا أستطيع أكل الطعام الخام في المرة القادمة.
weak,虚弱,To die,弱い,Débil,слабый,Faible,Schwach,zayıf,약한,Słaby,Fraco,svag,zwak,debole,Слабкі,слаб,कमज़ोर,ضعيف
weak_info,要死了，要死了,malnutrition,死ぬ、死ぬこと,"Morir, morir","Чтобы умереть, умереть","Mourir, mourir","Sterben, sterben","Ölmek, ölmek","죽을 때, 죽을 때까지.","Umrzeć, umrzeć","Morrer, morrer","At dø, at dø","Om te sterven, te sterven","Morire, morire","Померти, померти","Да умра, да умра","मरने के लिए, मरने के लिए",للموت ، للموت
malnutrition,营养不良,You should add some nutrition,栄養失調,Desnutrición,недоедание,Malnutrition,Unterernährung,yetersiz beslenme,영양 실조,Niedożywienie,Desnutrição,Fejlernæring,ondervoeding,malnutrizione,Недоїдання,недохранване,कुपोषण,سوء التغذية
malnutrition_info,应该要补充点营养了,#,栄養補給する必要があります,Debe complementarse con nutrición,Должен быть дополнен питанием,Devrait être complété avec de la nutrition,Sollte mit Ernährung ergänzt werden,Beslenme ile takviye edilmelidir,영양 보충되어야한다.,Należy uzupełnić odżywianiem,Deve ser complementado com nutrição,Skal suppleres med ernæring,Moet worden aangevuld met voeding,Dovrebbe essere integrato con la nutrizione,Повинно бути доповнене харчуванням,Трябва да се допълва с хранене,पोषण के साथ पूरक होना चाहिए,ينبغي أن تستكمل مع التغذية
#,#,grass dirt,＃,#,#,#,#,#,#,#,#,#,#,#,#,#,#,#
grass_dirt,草泥土,Long grass on the soil,草地,Suelo de hierba,Травяная почва,Sol d'herbe,Grasboden,Çim toprak,잔디 토양,Trawa gleby,Solo de grama,Græsbord,Grasgrond,Terreno d'erba,Трава грунтова,Тревна почва,घास मिट्टी,تربة العشب
grass_dirt_info,泥土上长草了,dirt,土壌に長い草,Hierba larga en el suelo,Длинная трава на почве,Herbe longue sur le sol,Langes Gras auf dem Boden,Toprakta uzun çim,토양에 긴 잔디,Długa trawa na ziemi,Grama alta no solo,Lang græs på jorden,Lang gras op de grond,Erba alta sul terreno,Довга травинка на грунті,Дълга трева на почвата,मिट्टी पर लंबी घास,العشب الطويل على التربة
dirt,泥土,It looks very ordinary,土壌,Suelo,земля,Sol,Boden,Dünya,토양,Gleba,Solo,Jorden,aarde,terra,Грунт,Земя,पृथ्वी,أرض
dirt_info,看上去很普通,sand,非常に普通に見える,Parece muy ordinario,Выглядит очень обыденно,Regarde très ordinaire,Sieht sehr gewöhnlich aus,Çok sıradan görünüyor,매우 평범 해 보인다.,Wygląda bardzo zwyczajnie,Parece muito comum,Ser meget almindeligt ud,Het ziet er heel gewoon uit,Sembra molto normale,Виглядає дуже звичайно,Изглежда съвсем обикновен,बहुत सामान्य लग रहा है,تبدو عادية جدا
sand,沙,Do you expect to use it for cpu?,砂,Arena,песок,Sable,Sand,kum,모래,Piasek,Areia,Sand,zand,sabbia,Пісок,пясък,रेत,رمل
sand_info,你指望用它做cpu么,copper ore,あなたはそれをCPUとして使うことを期待していますか？,¿Esperas usarlo como una CPU?,Вы ожидаете использовать его в качестве процессора?,Pensez-vous l'utiliser en tant que CPU?,"Erwarten Sie, dass Sie es als CPU verwenden?",Bunu bir işlemci olarak kullanmayı mı bekliyorsunuz?,그것을 CPU로 사용할 것으로 예상합니까?,Czy spodziewasz się użyć go jako procesora?,Você espera usá-lo como um cpu?,Forventer du at bruge det som en cpu?,Verwacht je het te gebruiken als een cpu?,Ti aspetti di usarlo come CPU?,Ви очікуєте використовувати його як процесор?,Очаквате ли да го използвате като процесор?,क्या आप इसे एक सीपीयू के रूप में उपयोग करने की उम्मीद करते हैं?,هل تتوقع استخدامه كمعالج؟
copper_ore,铜矿,Ready to enter the copper age,銅鉱山,Mina de cobre,Медный рудник,Mine de cuivre,Kupfermine,Bakır maden,구리 광산,Kopalnia miedzi,Mina de cobre,Kobbermine,Kopermijn,Miniera di rame,Мідна шахта,Медна мина,कॉपर खान,منجم النحاس
copper_ore_info,准备进入铜器时代,tin ore,ブロンズ時代に入る準備ができました,Listo para entrar en la Edad de Bronce,Готовность к бронзовому веку,Prêt à entrer dans l'âge du bronze,Bereit für die Bronzezeit,Bronz Çağı'na girmeye hazır,청동기 시대에 들어갈 준비가되었습니다.,Gotowy do wejścia w epokę brązu,Pronto para entrar na Idade do Bronze,Klar til at komme ind i bronzealderen,Klaar om de bronstijd in te gaan,Pronto per entrare nell'età del bronzo,Готовий вступити в бронзовий вік,Готови сте да влезете в бронзовата епоха,कांस्य युग में प्रवेश करने के लिए तैयार हैं,على استعداد لدخول العصر البرونزي
tin_ore,锡矿,The necessary minerals for the Bronze Age,鉱山,Mina de estaño,Оловянная шахта,Mine d'étain,Tin Mine,Benim kalay,주석 광산,Cyna,Estanho meu,Tin mine,Tin mijn,Miniera di stagno,Моя шахта,Тин моята,टिन खान,القصدير الألغام
tin_ore_info,进入青铜时代的必备矿物,zinc ore,青銅器時代に入る必須ミネラル,Minerales esenciales entrando en la Edad del Bronce,"Основные минералы, вступающие в бронзовый век",Minéraux essentiels entrant dans l'âge du bronze,Essentielle Mineralien in die Bronzezeit,Bronz Çağı'na giren temel mineraller,청동기 시대에 들어가는 필수 미네랄,Niezbędne minerały wchodzące w epokę brązu,Minerais essenciais que entram na Idade do Bronze,Væsentlige mineraler ind i bronzealderen,Essentiële mineralen die de Bronstijd binnenkomen,Minerali essenziali che entrano nell'età del bronzo,"Основні мінерали, що входять до бронзового віку","Основни минерали, влизащи в бронзовата епоха",कांस्य युग में प्रवेश करने के लिए आवश्यक खनिज,معادن أساسية تدخل العصر البرونزي
zinc_ore,锌矿,Maybe it will be useful for the next update,亜鉛鉱山,Mina de zinc,Цинковый рудник,Mine de zinc,Zinkmine,Çinko maden,아연 광산,Kopalnia cynku,Mina de zinco,Zink mine,Zinkmijn,Miniera di zinco,Цинкова шахта,Цинкова мина,जिंक खान,منجم الزنك
zinc_ore_info,下次或许更新会有用,iron ore,たぶん、次のアップデートが役立つでしょう,Tal vez la próxima actualización sea útil,"Возможно, следующее обновление будет полезно",Peut-être que la prochaine mise à jour sera utile,Vielleicht ist das nächste Update nützlich,Belki bir sonraki güncelleme yararlı olacaktır,아마도 다음 번 업데이트가 유용 할 것입니다.,Może przyda się następna aktualizacja,Talvez a próxima atualização seja útil,Måske vil næste opdatering være nyttig,Misschien is de volgende update nuttig,Forse il prossimo aggiornamento sarà utile,"Може бути, наступне оновлення буде корисним",Може би следващата актуализация ще бъде полезна,शायद अगला अपडेट उपयोगी होगा,ربما التحديث القادم سيكون مفيدا
iron_ore,铁矿,Ready to enter the Iron Age,鉄鉱石,Mineral de hierro,Железная руда,Minerai de fer,Eisenerz,Demir cevheri,철광석,Ruda żelaza,Minério de ferro,Jernmalm,IJzererts,Minerale di ferro,Залізна руда,Желязна руда,लौह अयस्क,خام الحديد
iron_ore_info,准备进入铁器时代,coal ore,鉄の時代に入る準備ができている,Listo para entrar en la Edad del Hierro,Готовы войти в железный век,Prêt à entrer dans l'âge du fer,Bereit für die Eisenzeit,Demir Çağı'na girmeye hazır,철기 시대에 들어갈 준비 완료,Gotowy do wejścia w epokę żelaza,Pronto para entrar na Idade do Ferro,Klar til at komme ind i jernalderen,Klaar om de IJzertijd binnen te gaan,Pronto per entrare nell'età del ferro,Готовий вступити в Залізний вік,Готови сте да влезете в желязната епоха,लौह युग में प्रवेश करने के लिए तैयार है,على استعداد لدخول العصر الحديدي
coal_ore,煤矿,coal ore,炭鉱,Mina de carbón,Угольная шахта,Mine de charbon,Kohlenmine,Kömür madeni,석탄 광산,Kopalnia węgla,Mina de carvão,Kulmine,Kolenmijn,Miniera di carbone,Вугільна шахта,Въглищна мина,कोयला खान,منجم الفحم
coal_ore_info,煤矿,diamond ore,炭鉱,Mina de carbón,Угольная шахта,Mine de charbon,Kohlenmine,Kömür madeni,석탄 광산,Kopalnia węgla,Mina de carvão,Kulmine,Kolenmijn,Miniera di carbone,Вугільна шахта,Въглищна мина,कोयला खान,منجم الفحم
diamond_ore,钻石矿,Nature's Art,ダイヤモンド鉱山,Mina de diamantes,Бриллиантовая,Mine de diamants,Diamantmine,Elmas benim,다이아몬드 광산,Diamentowa kopalnia,Mina de diamante,Diamantmine,Diamantmijn,Miniera di diamanti,Алмазна шахта,Диамантна мина,डायमंड खान,منجم الماس
diamond_ore_info,大自然的艺术,silver ore,自然の芸術,El arte de la naturaleza,Искусство природы,L'art de la nature,Die Kunst der Natur,Doğa sanatı,자연의 예술,Sztuka natury,A arte da natureza,Naturens kunst,De kunst van de natuur,L'arte della natura,Мистецтво природи,Изкуството на природата,प्रकृति की कला,فن الطبيعة
silver_ore,银矿,Tiny minerals that look like tin,シルバーマイン,Mina de plata,Серебряный карьер,Mine d'argent,Silbermine,Gümüş madeni,은 광산,Kopalnia srebra,Mina de prata,Sølvmine,Zilvermijn,Miniera d'argento,Срібна шахта,Сребърна мина,रजत खान,منجم فضة
silver_ore_info,看上去像锡的稀有矿物,gold ore,錫のように見える希少鉱物,Minerales raros que se parecen a la lata,"Редкие минералы, которые выглядят как олово",Minéraux rares qui ressemblent à de l'étain,"Seltene Mineralien, die wie Zinn aussehen",Kalay gibi görünen nadir mineraller,주석 같이 보이는 희귀 한 광물,"Rzadkie minerały, które wyglądają jak cyna",Minerais raros que parecem estanho,"Sjældne mineraler, der ligner tin",Zeldzame mineralen die eruit zien als tin,Minerali rari che sembrano stagno,"Рідкісні мінерали, які виглядають як олово","Редки минерали, които приличат на калай",दुर्लभ खनिज जो टिन की तरह दिखते हैं,المعادن النادرة التي تبدو مثل القصدير
gold_ore,金矿,Minerals with gold,金鉱,Mina de oro,Золотая руда,Mine d'or,Goldmine,Altın madeni,금광,Kopalnia złota,Mina de ouro,Guldmine,Goudmijn,Miniera d'oro,Золото шахта,Златна мина,सोने की खान,منجم الذهب
gold_ore_info,蕴藏着黄金的矿物,stone,ゴールドミネラル,Mineral de oro,Золотой минерал,Minéral d'or,Goldmineral,Altın maden,금 광물,Złoto mineralne,Mineral de ouro,Guldmineral,Gouden mineraal,Minerale d'oro,Золотий мінерал,Златен минерал,स्वर्ण खनिज,معدن الذهب
stone,石头,Stones everywhere,ストーン,Piedra,камень,Pierre,Stein,taş,돌,Kamień,Pedra,sten,steen,pietra,Камінь,камък,पत्थर,حجر
stone_info,随处可见的石头,Crushed stone,どこでも石,Piedras en todas partes,Камни повсюду,Pierres partout,Steine ​​überall,Her yerde taşlar,어디서나 돌,Wszędzie kamienie,Pedras em todos os lugares,Stones overalt,Stenen overal,Pietre ovunque,Камені скрізь,Камъни навсякъде,हर जगह पत्थर,الحجارة في كل مكان
crushed_stone,碎石,Stone excavation product,グラベル,Grava,галечник,Gravier,Kies,çakıl,자갈,Żwir,Cascalho,grus,grind,ghiaia,Гравій,дребен чакъл,कंकड़,حصى
crushed_stone_info,石头挖掘后产物,leaf,石の掘削製品,Producto de excavación de piedra,Каменный экскаватор,Produit d'excavation en pierre,Steinaushubprodukt,Taş kazı ürünü,석재 발굴 제품,Wydobywany produkt kamienny,Produto de escavação de pedra,Stone udgravning produkt,Steenafgravingsproduct,Prodotto di scavo in pietra,Видобуток каменю,Продукт за изкопаване на камък,पत्थर खुदाई उत्पाद,منتج حفر حجري
leaf,叶子,Ordinary leaves,葉,Hojas,лист,Feuilles,Blätter,yaprak,나뭇잎,Liście,Folhas,blad,blad,foglia,Листя,листо,पत्ती,ورق
leaf_info,普通的叶子,leaf dead,普通の葉,Hojas ordinarias,Обычные листья,Feuilles ordinaires,Gewöhnliche Blätter,Sıradan yaprakları,보통 잎,Zwyczajne liście,Folhas comuns,Almindelige blade,Gewone bladeren,Foglie ordinarie,Звичайні листи,Обикновени листа,सामान्य पत्तियां,الاوراق العادية
leaf_dead,枯叶,Yellow leaves,死んだ葉,Hojas muertas,Мертвые листья,Feuilles mortes,Tote Blätter,Ölü yapraklar,죽은 잎,Martwe liście,Folhas mortas,Døde blade,Dode bladeren,Foglie morte,Мертві листи,Мъртви листа,मृत पत्तियां,الأوراق الميتة
leaf_dead_info,枯黄的叶子,wood,枯れ葉,Hojas marchitas,Увядшие листья,Feuilles flétries,Verwelkte Blätter,Solmuş yapraklar,시든 잎,Zwiędłe liście,Folhas murchas,Forvitrede blade,Verdorde bladeren,Foglie appassite,Висиха листя,Изсъхнали листа,Withered पत्तियां,أوراق ذابل
wood,木头,Renewable materials,ウッド,Madera,дерево,Bois,Holz,odun,우드,Drewno,Wood,Træ,hout,legno,Деревина,дърво,लकड़ी,خشب
wood_info,可再生材料,wood board,再生可能素材,Material renovable,Возобновляемый материал,Matériau renouvelable,Nachwachsendes Material,Yenilenebilir malzeme,재생 가능 물질,Surowiec odnawialny,Material renovável,Fornyeligt materiale,Hernieuwbaar materiaal,Materiale rinnovabile,Відновлюваний матеріал,Възобновяем материал,नवीकरणीय सामग्री,مادة قابلة للتجديد
wood_board,木板,Board made of wood,木製ボード,Tablero de madera,Деревянная доска,Planche de bois,Holzbrett,Ahşap tahta,나무 보드,Drewniana tablica,Placa de madeira,Træbræt,Houten plank,Tavola di legno,Дерев'яна дошка,Дървена дъска,लकड़ी का बोर्ड,لوح خشبي
wood_board_info,木头做成的板,workbench,木製のボード,Tablero de madera,Доска деревянная,Conseil en bois,Brett aus Holz,Ahşap tahta,목재로 만들어진 보드,Deska wykonana z drewna,Tábua de madeira,Bræt af træ,Bord gemaakt van hout,Tavola di legno,Дошка з дерева,"Борд, изработен от дърво",लकड़ी से बना बोर्ड,مجلس مصنوع من الخشب
workbench,工作台,A worktable that can work with peace of mind,ワークベンチ,Banco de trabajo,таблица,Workbench,Werkbank,tablo,워크 벤치,Workbench,Bancada de trabalho,bord,tafel,tavolo,Робочий стіл,маса,तालिका,طاولة
workbench_info,可以安心工作的台子,wood box,安心して働けるデスク,un escritorio que puede trabajar con tranquilidad,"стол, который может работать с душевным спокойствием",un bureau qui peut travailler en toute tranquillité,"ein Schreibtisch, der mit Ruhe arbeiten kann",huzur içinde çalışabilecek bir masa,안심하고 사용할 수있는 책상,"biurko, które może działać w spokoju",uma mesa que pode funcionar com tranquilidade,et skrivebord der kan fungere med ro i sindet,een bureau dat met gemoedsrust kan werken,una scrivania che può funzionare in tutta tranquillità,"письмовий стіл, який може працювати з душевним спокоєм","бюро, което може да работи спокойно",एक डेस्क जो मन की शांति के साथ काम कर सकती है,مكتب يمكنه العمل براحة البال
wood_box,木箱,Can store items,木箱,Caja de madera,Деревянная коробка,Boîte en bois,Holzkiste,Ahşap kutu,나무 상자,Drewniane pudełko,Caixa de madeira,Træ kasse,Houten kist,Scatola di legno,Дерев'яна коробка,Дървена кутия,लकड़ी का बक्सा,صندوق خشبي
wood_box_info,可以存放物品,stone stove,アイテムを保存することができます,Puede almacenar artículos,Можно хранить предметы,Peut stocker des articles,Kann Gegenstände speichern,Öğeleri depolayabilir,아이템 저장 가능,Może przechowywać przedmioty,Pode armazenar itens,Kan gemme varer,Kan items opslaan,Può conservare oggetti,Можна зберігати предмети,Може да съхранява елементи,आइटम स्टोर कर सकते हैं,يمكن تخزين العناصر
stone_stove,石炉,The basis of firing,ストーンオーブン,Horno de piedra,Каменная печь,Four en pierre,Steinofen,Taş fırın,석재 오븐,Kamienny piekarnik,Forno de pedra,Stenovn,Steenoven,Forno di pietra,Кам'яна піч,Каменна фурна,पत्थर ओवन,فرن حجري
stone_stove_info,烧制的基础,#,発砲の基地,Base de tiro,База стрельбы,Base de tir,Basis des Feuerns,Ateş üssü,발사 기지,Baza strzelania,Base de disparo,Base for affyring,Basis van schieten,Base di fuoco,База стрільби,База за изпичане,फायरिंग का आधार,قاعدة اطلاق النار
#,#,door,＃,#,#,#,#,#,#,#,#,#,#,#,#,#,#,#
door,门,More like a home,ドア,Puerta,дверь,Porte,Tür,kapı,문,Drzwi,Porta,Dør,deur,porta,Двері,врата,द्वार,باب
door_info,更像一个家,ladder,もっと家に似ている,Más como un hogar,Больше похоже на дом,Plus comme une maison,Mehr wie ein Zuhause,Daha çok ev gibi,집과 더 비슷합니다.,Bardziej jak dom,Mais como uma casa,Mere som et hjem,Meer als een thuis,Più come una casa,Більше як будинок,По-скоро като дом,एक घर की तरह अधिक,أشبه بالمنزل
ladder,梯子,I am not afraid of mining it.,はしご,Escalera,трап,Ladder,Leiter,merdiven,사다리,Drabina,Escada,stige,ladder,scala,Сходи,стълба,सीढ़ी,سلم
ladder_info,有了它挖矿就不怕了,#,私はそれを採掘することを恐れない。,No tengo miedo de minarlo.,Я не боюсь добывать его.,Je n'ai pas peur de l'exploiter.,"Ich habe keine Angst, es zu fördern.",Madencilikten korkmuyorum.,나는 그것을 채굴하는 것을 두려워하지 않는다.,Nie boję się go wydobywać.,Eu não tenho medo de minerá-lo.,Jeg er ikke bange for at minde den.,Ik ben niet bang om het te ontginnen.,Non ho paura di estrarlo.,Я не боюся його видобутку.,Не се страхувам да го изкопая.,मैं इसे खनन करने से डरता नहीं हूँ।,أنا لست خائفا من التعدين.
#,#,gear,＃,#,#,#,#,#,#,#,#,#,#,#,#,#,#,#
gear,齿轮,wood gear,ギア,Gear,шестерня,Gear,Ausrüstung,vites,기어,Sprzęt,Engrenagem,Gear,versnelling,marcia,Механізм,зъбно колело,गियर,معدات
wood_gear,木头齿轮,Simple mechanical device,ウッドギア,Engranaje de madera,Деревянная передача,Bois,Holz Getriebe,Ahşap dişli,목재 제품,Sprzęt z drewna,Engrenagem de madeira,Træudstyr,Houten spullen,Attrezzi di legno,Деревне спорядження,Дървени съоръжения,लकड़ी गियर,معدات خشب
wood_gear_info,简单的机械装置,#,簡単な機械装置,Dispositivo mecánico simple,Простое механическое устройство,Dispositif mécanique simple,Einfaches mechanisches Gerät,Basit mekanik cihaz,간단한 기계 장치,Proste urządzenie mechaniczne,Dispositivo mecânico simples,Enkel mekanisk enhed,Eenvoudig mechanisch apparaat,Semplice dispositivo meccanico,Простий механічний пристрій,Просто механично устройство,सरल यांत्रिक उपकरण,جهاز ميكانيكي بسيط
#,#,switch,＃,#,#,#,#,#,#,#,#,#,#,#,#,#,#,#
switch,开关,button,スイッチ,Cambiar,переключатель,Commutateur,Schalter,şalter,스위치,Przełącz,Mudar,kontakt,schakelaar,interruttore,Перемикач,ключ,स्विच,تحول
button,按钮,switch,ボタン,Botón,кнопка,Bouton,Knopf,düğme,버튼,Przycisk,Botão,knappen Push,drukknop,pulsante,Кнопка,бутон,बटन,زر
button_info,控制开关,pull rod,制御スイッチ,Interruptor de control,Переключатель управления,Commutateur de commande,Steuerschalter,Kontrol anahtarı,제어 스위치,Przełącznik sterowania,Interruptor de controle,Kontrolswitch,Bedieningsschakelaar,Interruttore di controllo,Перемикач управління,Контролен ключ,नियंत्रण स्विच,مفتاح التحكم
pull_rod,拉杆,switch,プルロッド,Tire de la barra,Вытянуть стержень,Tige de traction,Zugstange,Çekme çubuğu,당김 막대,Pociągnij drążek,Haste de tração,Trækstang,Trekstang,Tirare l'asta,Витягніть стрижень,Издърпайте пръчката,छड़ी खींचो,سحب قضيب
pull_rod_info,控制开关,#,制御スイッチ,Interruptor de control,Переключатель управления,Commutateur de commande,Steuerschalter,Kontrol anahtarı,제어 스위치,Przełącznik sterowania,Interruptor de controle,Kontrolswitch,Bedieningsschakelaar,Interruttore di controllo,Перемикач управління,Контролен ключ,नियंत्रण स्विच,مفتاح التحكم
#,#,item,＃,#,#,#,#,#,#,#,#,#,#,#,#,#,#,#
item,物品,wood transmission stick,アイテム,Artículo,статья,Objet,Artikel,makale,항목,Przedmiot,Item,artikel,artikel,articolo,Пункт,статия,लेख,مقالة
transmission_wood_stick,木头传动杆,Seems to fit on gear,ウッドドライブロッド,Varilla de accionamiento de madera,Деревянная приводная тяга,Tige d'entraînement en bois,Holz Treibstange,Ahşap tahrik çubuk,나무 구동 막대,Pręt do drążenia drewna,Haste de madeira da movimentação,Trædrevstang,Houten aandrijfstang,Asta di comando in legno,Деревний привід,Дървена задвижваща пръчка,लकड़ी ड्राइव रॉड,قضيب محرك الخشب
transmission_wood_stick_info,似乎可以装在齿轮上,#,ギアにフィットするように見える,Parece que encaja en el engranaje,"Кажется, что он поместился на передаче",Semble s'adapter à l'engrenage,Scheint auf das Zahnrad zu passen,Vitese uyuyor gibi görünüyor,장비에 맞는 것 같습니다.,Wydaje się pasować na bieg,Parece se encaixar na engrenagem,Synes at passe på gearet,Lijkt op de versnelling te passen,Sembra adattarsi alla marcia,"Здається, вписується в передачу",Изглежда да се поберат на предавката,गियर पर फिट लगता है,يبدو لتناسب على العتاد
#,#,ingot,＃,#,#,#,#,#,#,#,#,#,#,#,#,#,#,#
ingot,锭,copper ingot,インゴット,Lingote,болванка,Lingot,Barren,külçe,주괴,Wlewki,Lingote,ingot,baar,lingotto,Злиток,слитък,इनगट,قالب لصب المعادن
copper_ingot,铜锭,copper Age,銅インゴット,Lingote de cobre,Медный слиток,Lingot de cuivre,Kupferbarren,Bakır külçe,구리 주괴,Wlewki miedziane,Lingote de cobre,Kobberstænger,Koperen staaf,Lingotto di rame,Мідний злив,Медни слитъци,कॉपर पिंड,سبيكة النحاس
copper_ingot_info,铜器时代,bronze ingot,青銅器時代,Edad de bronce,Бронзовый век,Âge du bronze,Bronzezeit,Bronz çağ,청동기 시대,Epoka brązu,Idade do bronze,Bronsalder,Bronstijd,Età del bronzo,Бронзовий вік,Бронзова възраст,कांस्य युग,العصر البرونزي
bronze_ingot,青铜锭,Bronze Age,ブロンズインゴット,Lingote de bronce,Бронзовый слиток,Lingot de bronze,Bronzebarren,Bronz külçe,청동 주괴,Brązowy wlewek,Lingote de bronze,Bronze ingot,Brons ingots,Lingotto di bronzo,Бронзовий злив,Бронз блок,कांस्य पिंड,سبيكة البرونز
bronze_ingot_info,青铜时代,tin ingot,青銅器時代,Edad de bronce,Бронзовый век,Âge du bronze,Bronzezeit,Bronz çağ,청동기 시대,Epoka brązu,Idade do bronze,Bronsalder,Bronstijd,Età del bronzo,Бронзовий вік,Бронзова възраст,कांस्य युग,العصر البرونزي
tin_ingot,锡锭,Synthetic bronze is indispensable,錫インゴット,Lingote de estaño,Оловянный слиток,Lingot d'étain,Zinnbarren,Kalay külçe,주석 잉곳,Cyna wlewka,Lingote de estanho,Tin ingot,Tin ingot,Lingotto di latta,Олов'яний злив,Цин тон,टिन पिंड,القصدير سبيكة
tin_ingot_info,合成青铜不可或缺的,zinc ingot,合成ブロンズは不可欠です,El bronce sintético es indispensable,Синтетическая бронза незаменима,Le bronze synthétique est indispensable,Synthetische Bronze ist unverzichtbar,Sentetik bronz vazgeçilmezdir,합성 청동은 필수 불가결하다.,Syntetyczny brąz jest niezbędny,Bronze sintético é indispensável,Syntetisk bronze er uundværlig,Synthetisch brons is onmisbaar,Il bronzo sintetico è indispensabile,Синтетична бронза незамінна,Синтетичният бронз е незаменим,सिंथेटिक कांस्य अनिवार्य है,لا يمكن الاستغناء عن البرونز الاصطناعي
zinc_ingot,锌锭,May be useful for the next update,亜鉛インゴット,Lingote de zinc,Цинковый слиток,Lingot de zinc,Zink-Ingot,Çinko külçe,아연 주괴,Wlewki cynkowe,Lingote de zinco,Zink ingot,Zink ingots,Lingotto di zinco,Злив з цинку,Цинков блок,जस्ता पिंड,سبيكة الزنك
zinc_ingot_info,或许会在下次更新有用处,iron ingot,たぶん次回のアップデートに役立つでしょう。,Quizás sea útil en la próxima actualización.,"Возможно, это будет полезно в следующем обновлении.",Peut-être que cela sera utile dans la prochaine mise à jour.,Vielleicht wird es im nächsten Update nützlich sein.,Belki bir sonraki güncellemede yararlı olacaktır.,아마 다음 번 업데이트에서 유용 할 것입니다.,Może będzie przydatna w następnej aktualizacji.,Talvez seja útil na próxima atualização.,Måske vil det være nyttigt i den næste opdatering.,Misschien zal het nuttig zijn in de volgende update.,Forse sarà utile nel prossimo aggiornamento.,"Можливо, воно буде корисним у наступному оновленні.",Може би ще бъде полезно в следващата актуализация.,शायद यह अगले अद्यतन में उपयोगी होगा।,ربما سيكون من المفيد في التحديث القادم.
iron_ingot,铁锭,Into the iron age,鉄インゴット,Lingote de hierro,Железный слиток,Lingot de fer,Eisenbarren,Demir külçe,철 주괴,Żelazny wlewek,Lingote de ferro,Jernstang,IJzerblok,Lingotto di ferro,Залізний злив,Железен слитък,लौह पिंड,سبيكة حديدية
iron_ingot_info,进入了铁器时代,steel ingot,鉄器時代に入った,Entró en la Edad del Hierro,Вступил в железный век,Entré à l'âge du fer,Betritt die Eisenzeit,Demir Çağı'na girildi,철기 시대에 들어갔다.,Weszła w epokę żelaza,Entrou na Idade do Ferro,Indtast jernalderen,Kwam de ijzertijd binnen,Entrato nell'età del ferro,Увійшов у залізний вік,Въвеждаше ерата на желязото,लौह युग में प्रवेश किया,دخلت العصر الحديدي
steel_ingot,钢锭,It's not easy to burn steel,スチールインゴット,Lingote de acero,Стальной слиток,Lingot d'acier,Stahlbarren,Çelik külçe,강괴,Stalowy wlewek,Lingote de aço,Stålstang,Stalen ingots,Lingotto d'acciaio,Сталевий злив,Стоманен блок,स्टील पिंड,سبيكة الصلب
steel_ingot_info,烧制钢铁真不容易,silver ingot,スチールを燃やすのは簡単ではない,No es fácil quemar acero,Нелегко сжечь сталь,Ce n'est pas facile de brûler de l'acier,"Es ist nicht einfach, Stahl zu verbrennen",Çelik yakmak kolay değil,강철을 태우는 것은 쉽지 않습니다.,Niełatwo jest spalić stal,Não é fácil queimar aço,Det er ikke let at brænde stål,Het is niet eenvoudig om staal te verbranden,Non è facile bruciare l'acciaio,Нелегко горіти сталь,Не е лесно да изгорите стомана,स्टील को जलाना आसान नहीं है,ليس من السهل حرق الفولاذ
silver_ingot,银锭,Silver white beautiful metal,銀インゴット,Lingote de plata,Серебряный слиток,Lingot d'argent,Silberbarren,Gümüş külçe,은괴,Srebrny wlewek,Lingote de prata,Sølvbørste,Zilver ingots,Lingotto d'argento,Срібний злив,Сребърен слитък,रजत पिंड,سبيكة فضية
silver_ingot_info,银白色的漂亮金属,gold ingot,シルバーホワイトの美しい金属,"Plata, hermoso metal blanco",Серебряный белый красивый металл,Argent blanc beau métal,Silbernes weißes schönes Metall,Gümüş beyaz güzel metal,실버 화이트 아름다운 금속,Srebrno-biały piękny metal,Metal branco prateado lindo,Sølv hvidt smukt metal,Zilver wit prachtig metaal,Argento bianco bellissimo metallo,Срібний білий прекрасний метал,Сребрист бял красив метал,चांदी सफेद सुंदर धातु,فضية بيضاء جميلة معدنية
gold_ingot,金锭,The beginning of trade,金インゴット,Lingote de oro,Золотой слиток,Lingot d'or,Goldbarren,Altın külçe,금괴,Sztabki złota,Lingote de ouro,Guldstang,Goudstaaf,Lingotto d'oro,Золотий злиток,Златен блок,सोने की अंगूठी,سبيكة الذهب
gold_ingot_info,贸易的开始,diamond,貿易の始まり,El comienzo del comercio,Начало торговли,Le début du commerce,Der Beginn des Handels,Ticaretin başlangıcı,무역의 시작,Początek handlu,O começo do comércio,Begyndelsen af ​​handel,Het begin van de handel,L'inizio del commercio,Початок торгівлі,Началото на търговията,व्यापार की शुरुआत,بداية التجارة
diamond,钻石,Expensive and rare,ダイヤモンド,Diamante,ромб,Diamond,Diamant,elmas,다이아몬드,Diamond,Diamante,diamant,diamant,diamante,Алмазний,диамант,हीरा,الماس
diamond_info,昂贵和稀有,#,高価で珍しい,Caro y raro,Дорогое и редкое,Cher et rare,Teuer und selten,Pahalı ve nadir,비싸고 희귀 한,Drogie i rzadkie,Caro e raro,Dyrt og sjældent,Duur en zeldzaam,Costoso e raro,Дорогі і рідкісні,Скъпи и редки,महंगा और दुर्लभ,مكلفة ونادرة
#,#,paper,＃,#,#,#,#,#,#,#,#,#,#,#,#,#,#,#
paper,纸,Can record information,紙,Papel,бумага,Papier,Papier,kâğıt,종이,Papier,Paper,Papir,papier,carta,Папір,хартия,कागज़,ورقة
paper_info,可以记录信息了,book,情報を記録できる,Puede registrar información,Может записывать информацию,Peut enregistrer des informations,Kann Informationen aufzeichnen,Bilgi kaydedebilir,정보를 기록 할 수 있습니다.,Potrafi nagrywać informacje,Pode gravar informações,Kan optage oplysninger,Kan informatie vastleggen,Può registrare informazioni,Можна записувати інформацію,Може да записва информация,जानकारी रिकॉर्ड कर सकते हैं,يمكن تسجيل المعلومات
book,书,Is this perhaps a database?,予約,Libro,книга,Livre,Buchen,kitap,도서,Zarezerwuj,Livro,Book,boek,libro,Книга,книга,पुस्तक,كتاب
book_info,这或许是数据库?,wood stick,これはおそらくデータベースですか？,¿Es esto quizás una base de datos?,"Возможно, это база данных?",Est-ce peut-être une base de données?,Ist das vielleicht eine Datenbank?,Bu bir veritabanı mı?,이것은 아마도 데이터베이스입니까?,Czy to może być baza danych?,Isso é talvez um banco de dados?,Er dette måske en database?,Is dit misschien een database?,È forse un database?,"Чи це, мабуть, база даних?",Това може би е база данни?,क्या यह शायद एक डेटाबेस है?,هل هذا ربما قاعدة بيانات؟
wood_stick,木棒,The board was chipped,木製の棒,Palo de madera,Деревянная ручка,Bâton en bois,Holzstab,Tahta sopa,나무 막대기,Drewniany kij,Vara de madeira,Træpind,Houten stok,Bastone di legno,Дерев'яна паличка,Дървена пръчка,लकड़ी की छड़ी,عصا خشبية
wood_stick_info,木板被削掉了,coal,板は切り取られた,El tablero fue cortado,Доска была отрезана,Le tableau a été coupé,Das Brett wurde abgeschnitten,Tahta kesildi,이사회는 단절되었다.,Tablica została odcięta,A placa foi cortada,Bestyrelsen blev afskåret,Het bord was afgesneden,Il tabellone è stato interrotto,Дошка була відрізана,Бордът беше прекъснат,बोर्ड काट दिया गया था,تم قطع اللوح
coal,煤,An energy source,石炭,Carbón,уголь,Charbon,Kohle,kömür,석탄,Węgiel,Carvão,Kul,kolen,carbone,Вугілля,въглища,कोयला,فحم
coal_info,一种能源,charcoal,エネルギー源,Una fuente de energía,Источник энергии,Une source d'énergie,Eine Energiequelle,Bir enerji kaynağı,에너지 원,Źródło energii,Uma fonte de energia,En energikilde,Een energiebron,Una fonte di energia,Джерело енергії,Източник на енергия,एक ऊर्जा स्रोत,مصدر للطاقة
charcoal,木炭,Wood fuel,チャコール,Carbón de leña,древесный уголь,Charbon de bois,Holzkohle,karakalem,목탄,Węgiel drzewny,Carvão vegetal,kul,houtskool,carbone,Вугілля,въглен,लकड़ी का कोयला,فحم
charcoal_info,木头燃料,#,木質燃料,Combustible de madera,Древесное топливо,Bois de chauffage,Holz Brennstoff,Odun yakıt,목재 연료,Paliwo drzewne,Combustível de madeira,Træbrændstof,Hout brandstof,Combustibile di legno,Деревне паливо,Дървено гориво,लकड़ी ईंधन,وقود الخشب
#,#,seed,＃,#,#,#,#,#,#,#,#,#,#,#,#,#,#,#
seed,种子,wheat seed,シード,Semilla,семя,Semence,Samen,tohum,씨앗,Seed,Semente,Frø,zaad,seme,Насіння,семена,बीज,بذرة
wheat_seed,小麦种子,Should be able to put in the dirt,小麦の種,Semilla de trigo,Семена пшеницы,Graine de blé,Weizensamen,Buğday tohumu,밀 씨앗,Nasiona pszenicy,Semente de trigo,Hvedefrø,Tarwe zaad,Semi di grano,Насіння пшениці,Семена от пшеница,गेहूं का बीज,بذور القمح
wheat_seed_info,应该可以放在土里,paddy seed,土壌に置くことができなければならない,Debería poder colocarse en el suelo,Должна быть помещена в почву,Devrait pouvoir être placé dans le sol,"Sollte in der Lage sein, in den Boden gelegt zu werden",Toprağa yerleştirilebilmelidir,토양에 놓을 수 있어야한다.,Powinien móc zostać umieszczony w glebie,Deve poder ser colocado no solo,Skal kunne placeres i jorden,Moet in de grond kunnen worden geplaatst,Dovrebbe essere in grado di essere posizionato nel terreno,Слід бути в змозі бути поміщені в грунт,Трябва да може да бъде поставен в почвата,मिट्टी में रखा जाना चाहिए,ينبغي أن تكون قادرة على أن توضع في التربة
paddy_seed,水稻种子,Should be able to put in the dirt,米の種,Semilla de arroz,Семена риса,Graine de riz,Reissamen,Pirinç tohumu,쌀 씨앗,Nasiona ryżu,Semente de arroz,Risfrø,Rijstzaad,Seme di riso,Насіння рису,Семена от ориз,चावल बीज,بذور الأرز
paddy_seed_info,应该可以放在土里,oak seed,土壌に置くことができなければならない,Debería poder colocarse en el suelo,Должна быть помещена в почву,Devrait pouvoir être placé dans le sol,"Sollte in der Lage sein, in den Boden gelegt zu werden",Toprağa yerleştirilebilmelidir,토양에 놓을 수 있어야한다.,Powinien móc zostać umieszczony w glebie,Deve poder ser colocado no solo,Skal kunne placeres i jorden,Moet in de grond kunnen worden geplaatst,Dovrebbe essere in grado di essere posizionato nel terreno,Слід бути в змозі бути поміщені в грунт,Трябва да може да бъде поставен в почвата,मिट्टी में रखा जाना चाहिए,ينبغي أن تكون قادرة على أن توضع في التربة
oak_seed,橡木种子,Source of wood,オークシード,Semilla de roble,Дубовое семя,Graine de chêne,Eiche Samen,Meşe tohumu,오크 씨,Nasiona dębu,Semente de carvalho,Eg frø,Eik zaad,Semi di quercia,Дубовий насіння,Дъбови семена,ओक बीज,بذور البلوط
oak_seed_info,木头的来源,#,木材源,Fuente de madera,Источник древесины,Source de bois,Quelle von Holz,Odun kaynağı,목재 원천,Źródło drewna,Fonte de madeira,Kilde af træ,Bron van hout,Fonte di legno,Джерело деревини,Източник на дървесина,लकड़ी का स्रोत,مصدر الخشب
#,#,liquid,＃,#,#,#,#,#,#,#,#,#,#,#,#,#,#,#
liquid,液体,water,液体,Líquido,жидкость,Liquide,Flüssigkeit,sıvı,액체,Liquid,Líquido,Flydende,vloeistof,liquido,Рідина,течност,तरल,سائل
water,水,In the common liquid,水,Agua,воды,Eau,Wasser,su,물,Woda,Água,vand,water,acqua,Вода,вода,पानी,ماء
water_info,在常见不过的液体,#,一般的な液体,Líquido común,Обычная жидкость,Liquide commun,Gemeinsame Flüssigkeit,Ortak sıvı,일반적인 액체,Zwykła ciecz,Líquido comum,Fælles væske,Gemeenschappelijke vloeistof,Liquido comune,Звичайна рідина,Обща течност,सामान्य तरल,السائل المشترك
#,#,function_item,＃,#,#,#,#,#,#,#,#,#,#,#,#,#,#,#
function_item,功能道具,The author's relics,機能の小道具,Función prop,Функция опоры,Fonction prop,Funktion prop,Fonksiyon pervane,기능 소품,Funkcja prop,Função prop,Funktion prop,Functie prop,Funzione prop,Функція prop,Функционална характеристика,फंक्शन प्रोप,وظيفة دعم
all_compound_book,作者的遗物,It seems to help the game,著者の遺物,Reliquia del autor,Авторская реликвия,Relique de l'auteur,Relikt des Autors,Yazarın kalıntısı,저자의 유물,Relikwia autora,Relíquia do autor,Forfatterens relikvie,Het relikwie van de auteur,La reliquia dell'autore,Авторська реліквія,Реликва на автора,लेखक का अवशेष,بقايا المؤلف
all_compound_book_info,似乎能对游戏有帮助,wood bowl,ゲームに役立つようだ,Parece ser útil para el juego,Кажется полезным для игры,Semble être utile pour le jeu,Scheint hilfreich für das Spiel zu sein,Oyun için faydalı görünüyor,게임에 도움이 될 것 같습니다.,Wydaje się być pomocnym w grze,Parece ser útil para o jogo,Synes at være nyttigt for spillet,Lijkt nuttig te zijn voor het spel,Sembra essere utile per il gioco,Здається корисним для гри,"Изглежда, че е от полза за играта",खेल के लिए सहायक लगता है,يبدو أن تكون مفيدة للعبة
wood_bowl,木碗,Empty wooden bowl,木製のボウル,Cuenco de madera,Деревянная чаша,Bol en bois,Holzschale,Ahşap kase,나무 보울,Drewniana miska,Tigela de madeira,Træskål,Houten kom,Ciotola di legno,Дерев'яна чаша,Дървена купа,लकड़ी का कटोरा,وعاء خشبي
wood_bowl_info,空的木碗,wood bowl(water),空の木製ボウル,Cuenco de madera vacío,Пустая деревянная чаша,Bol en bois vide,Leere hölzerne Schüssel,Boş ahşap kase,빈 나무 그릇,Puste drewniane miski,Taça de madeira vazia,Tøm træskål,Lege houten kom,Ciotola di legno vuota,Пуста дерев'яна чаша,Празна дървена купа,खाली लकड़ी का कटोरा,وعاء خشبي فارغ
wood_bowl_water,木碗(水),Wooden bowl filled with water,木製ボウル（水）,Cuenco de madera (agua),Деревянная чаша (вода),Bol en bois (eau),Holzschale (Wasser),Ahşap kase (su),나무 그릇 (물),Drewniana miska (woda),Tigela de madeira (água),Træskål (vand),Houten kom (water),Ciotola di legno (acqua),Дерев'яна чаша (вода),Дървена купа (вода),लकड़ी का कटोरा (पानी),وعاء خشبي (ماء)
wood_bowl_water_info,装满了水的木碗,wood barrel,水で満たされた木製のボウル,Cuenco de madera lleno de agua,"Деревянная чаша, наполненная водой",Bol en bois rempli d'eau,Holzschale mit Wasser gefüllt,Su ile dolu ahşap kase,나무 그릇 물로 가득,Drewniana miska wypełniona wodą,Tigela de madeira cheia de água,Træskål fyldt med vand,Houten kom gevuld met water,Ciotola di legno piena d'acqua,Дерев'яна чаша наповнена водою,"Дървена купа, пълна с вода",पानी से भरा लकड़ी का कटोरा,وعاء خشبي مليء بالماء
wood_barrel,木桶,Empty wooden barrel,木製バレル,Barril de madera,Деревянная бочка,Tonneau en bois,Holzfass,Ahşap varil,나무 통,Drewniana beczka,Barril de madeira,Træ tønde,Houten vat,Barile di legno,Дерев'яна бочка,Дървен варел,लकड़ी की बैरल,برميل خشبي
wood_barrel_info,空的木桶,wood barrel(water),空の木製樽,Barril de madera vacío,Пустой деревянный бочонок,Tonneau en bois vide,Leeres Holzfass,Boş ahşap varil,빈 나무 통,Pusta drewniana beczka,Barril de madeira vazio,Tøm træ tønde,Leeg houten vat,Barile di legno vuota,Пуста дерев'яна бочка,Празен дървен барел,खाली लकड़ी की बैरल,برميل خشبي فارغ
wood_barrel_water,木桶(水),Wooden bucket full of water,木製バレル（水）,Barril de madera (agua),Деревянный бочонок (вода),Tonneau en bois (eau),Holzfass (Wasser),Ahşap varil (su),나무 통 (물),Drewniana beczka (woda),Barril de madeira (água),Træ tønde (vand),Houten vat (water),Barile di legno (acqua),Дерев'яна бочка (вода),Дървен варел (вода),लकड़ी की बैरल (पानी),برميل خشبي (ماء)
wood_barrel_water_info,装满了水的木桶,wood vat,水で満たされた木製の樽,Barril de madera lleno de agua,"Деревянный бочонок, наполненный водой",Tonneau en bois rempli d'eau,Holzfass gefüllt mit Wasser,Ahşap varil su ile dolu,물로 가득한 나무 통,Drewniana beczka wypełniona wodą,Barril de madeira cheio de água,Træ tønde fyldt med vand,Houten vat gevuld met water,Botte di legno piena d'acqua,Дерев'яна бочка заповнена водою,"Дървен варел, напълнен с вода",पानी से भरा लकड़ी की बैरल,برميل خشبي مملوء بالماء
wood_vat,简易蓄水桶,Put it on the ground and collect rain when it rains.,シンプルバケット,Cubo simple,Простой ковш,Seau simple,Einfacher Eimer,Basit kova,간단한 양동이,Proste wiadro,Balde simples,Enkel spand,Eenvoudige emmer,Secchio semplice,Просте відро,Проста кофа,सरल बाल्टी,دلو بسيط
wood_vat_info,把它放在地上，下雨的时候就能收集雨水了,funnel,雨が降ると地上に置いて雨を集める。,Ponlo en el suelo y recoge la lluvia cuando llueva.,"Положите его на землю и собирайте дождь, когда идет дождь.",Mettez-le sur le sol et récoltez la pluie quand il pleut.,"Legen Sie es auf den Boden und sammeln Sie Regen, wenn es regnet.",Yere koy ve yağmur yağdığında yağmur toplar.,비가 올 때 땅에 놓고 비를 모으십시오.,"Połóż go na ziemi i zbieraj deszcz, gdy pada deszcz.",Colocá-lo no chão e recolher a chuva quando chove.,"Sæt det på jorden og saml regn, når det regner.",Leg het op de grond en verzamel regen als het regent.,Mettilo a terra e raccogli la pioggia quando piove.,"Покладіть його на землю і збирайте дощ, коли йде дощ.","Поставете го на земята и събирайте дъжд, когато вали.",इसे जमीन पर रखो और बारिश होने पर बारिश इकट्ठा करें।,ضعها على الأرض وجمع المطر عندما تمطر.
funnel,漏斗,The first step of automation,漏斗,Embudo,раструб,Entonnoir,Trichter,huni,깔때기,Lejek,Funil,Tragt,trechter,imbuto,Водоспад,фуния,कीप,قمع
funnel_info,自动化的第一步,#,自動化の第一歩,El primer paso de la automatización,Первый шаг автоматизации,La première étape de l'automatisation,Der erste Schritt der Automatisierung,Otomasyonun ilk adımı,자동화의 첫 번째 단계,Pierwszy krok automatyzacji,O primeiro passo da automação,Det første trin i automatisering,De eerste stap van automatisering,Il primo passo dell'automazione,Перший крок автоматизації,Първата стъпка на автоматизацията,स्वचालन का पहला कदम,الخطوة الأولى من الأتمتة
#,#,axe,＃,#,#,#,#,#,#,#,#,#,#,#,#,#,#,#
axe,斧子,wood axe,アックス,Hacha,секира,Axe,Axt,balta,도끼,Ax,Machado,Axe,bijl,ascia,Топор,брадва,कुल्हाड़ी,الفأس
wood_axe,木斧,Can this be used?,木製の斧,Hacha de madera,Деревянный топор,Hache en bois,Holzaxt,Tahta balta,나무 도끼,Drewniany topór,Machado de madeira,Træ økse,Houten bijl,Ascia di legno,Дерев'яний сокира,Дървена брадва,लकड़ी की कुल्हाड़ी,فأس خشبي
wood_axe_info,这能用么,stone axe,これは使えますか？,¿Se puede usar esto?,Можно ли это использовать?,Cela peut-il être utilisé?,Kann das benutzt werden?,Bu kullanılabilir mi?,이것을 사용할 수 있습니까?,Czy można to wykorzystać?,Isso pode ser usado?,Kan dette bruges?,Kan dit worden gebruikt?,Può essere usato?,Чи може це бути використане?,Може ли да се използва?,क्या इसका इस्तेमाल किया जा सकता है?,هل يمكن استخدام هذا؟
stone_axe,石斧,Maybe you can use,ストーンアックス,Hacha de piedra,Каменный топор,Hache de pierre,Steinaxt,Taş balta,돌 도끼,Kamienny topór,Machado de pedra,Sten økse,Stenen bijl,Ascia di pietra,Кам'яний сокира,Каменна брадва,पत्थर कुल्हाड़ी,فأس الحجر
stone_axe_info,或许能用,copper axe,たぶん使用する,Tal vez use,Возможно использование,Peut-être utiliser,Vielleicht benutzen,Belki kullan,어쩌면 사용,Może użyć,Talvez use,Måske bruge,Misschien gebruiken,Forse usare,"Може бути, користуйтеся",Може би се използва,शायद उपयोग करें,ربما تستخدم
copper_axe,铜斧,Common and cheap axe,銅の斧,Hacha de cobre,Медный топор,Hache de cuivre,Kupferaxt,Bakır balta,구리 도끼,Miedziany topór,Machado de cobre,Kobberøks,Koperen bijl,Ascia di rame,Мідна тоска,Мед брадва,कॉपर कुल्हाड़ी,فأس النحاس
copper_axe_info,常见和廉价的金属斧,bronze axe,一般的で安価な金属の斧,Hacha de metal común y barata,Обычный и дешевый металлический топор,Hache en métal commune et bon marché,Gemeinsame und billige Metallaxt,Ortak ve ucuz metal balta,일반적이고 값싼 금속 도끼,Popularny i tani metalowy topór,Machado de metal comum e barato,Fælles og billig metaløkse,Gemeenschappelijke en goedkope metalen bijl,Ascia di metallo comune ed economica,Звичайний і дешевий топор металу,Честа и евтина метална брадва,सामान्य और सस्ते धातु कुल्हाड़ी,الفأس المعدنية المشتركة ورخيصة
bronze_axe,青铜斧,Good axe,ブロンズアックス,Hacha de bronce,Бронзовый топор,Hache de bronze,Bronze Axt,Bronz balta,청동 도끼,Brązowy topór,Machado de bronze,Bronze økse,Bronzen bijl,Ascia di bronzo,Бронзова тоска,Бронзова брадва,कांस्य कुल्हाड़ी,فأس برونزي
bronze_axe_info,不错的斧,iron axe,ニースアックス,Bonita hacha,Хороший топор,Belle hache,Schöne Axt,Güzel balta,좋은 도끼,Ładny topór,Machado agradável,Nice økse,Leuke bijl,Bella ascia,Красива тоска,Ница брадва,अच्छा कुल्हाड़ी,فأس لطيف
iron_axe,铁斧,Very practical,アイアンアックス,Hacha de hierro,Железный топор,Hache de fer,Eisenaxt,Demir balta,철제 도끼,Żelazny topór,Machado de ferro,Jern økse,IJzeren bijl,Ascia di ferro,Залізний топор,Железна брадва,लौह कुल्हाड़ी,فأس حديدي
iron_axe_info,很实用的斧,steel axe,非常に実用的な斧,Hacha muy práctica,Очень практичный топор,Hache très pratique,Sehr praktische Axt,Çok pratik balta,매우 실용적인 도끼,Bardzo praktyczny topór,Machado muito prático,Meget praktisk økse,Zeer praktische bijl,Ascia molto pratica,Дуже практичний сокира,Много практична брадва,बहुत व्यावहारिक कुल्हाड़ी,فأس عملي جدا
steel_axe,钢斧,Very good use,スチールアックス,Hacha de acero,Стальной топор,Hache en acier,Stahlaxt,Çelik balta,스틸 도끼,Stalowy topór,Machado de aço,Ståløks,Stalen bijl,Ascia d'acciaio,Сталевий топор,Стоманена брадва,स्टील कुल्हाड़ी,الفأس الصلب
steel_axe_info,相当好用的斧,silver axe,かなり良い斧,Una buena hacha,Довольно хороший топор,Tout à fait une bonne hache,Ziemlich gute Axt,Oldukça iyi bir balta,꽤 좋은 도끼,Całkiem dobry topór,Um bom machado,En god økse,Een heel goede bijl,Abbastanza una buona ascia,Дуже хороший сокира,Доста добра брадва,काफी अच्छी कुल्हाड़ी,فأس جيد
silver_axe,银斧,A axe that looks expensive,シルバーアックス,Hacha de plata,Серебряный топор,Hache d'argent,Silberne Axt,Gümüş balta,실버 도끼,Srebrny topór,Machado de prata,Sølvøkse,Zilveren bijl,Ascia d'argento,Срібний топор,Сребърна брадва,रजत कुल्हाड़ी,الفأس الفضي
silver_axe_info,看上去很贵的斧,gold axe,高価なアックスに見える,Parece hacha cara,Выглядит дорогой топор,Regarde une hache chère,Sieht teuer aus,Pahalı balta görünüyor,비싼 도끼처럼 보입니다.,Wygląda na drogiego topora,Parece machado caro,Ser dyre økse,Ziet er dure bijl uit,Sembra un'ascia costosa,Виглядає дорога тоска,Изглежда скъпа брадва,महंगा कुल्हाड़ी दिखता है,تبدو مكلفة الفأس
gold_axe,金斧,More like a collection,ゴールデンアックス,Hacha de oro,Золотой топор,Hache d'or,Goldene Axt,Altın balta,황금 도끼,Złoty topór,Machado de ouro,Gyldne økse,Gouden bijl,Ascia d'oro,Золотий сокира,Златна брадва,गोल्डन कुल्हाड़ी,الفأس الذهبي
gold_axe_info,更像是收藏品,diamond axe,もっとコレクターのような,Más como un coleccionable,Больше похоже на коллекционные,Plus comme une collection,Mehr wie ein Sammlerstück,Daha çok bir koleksiyona benziyor,더 많은 소장품처럼,Bardziej jak kolekcjoner,Mais como um colecionável,Mere som en collectible,Meer als een collectible,Più simile a un collezionabile,Більше як колекціонування,По-скоро като сбирка,एक संग्रहणीय की तरह अधिक,أشبه بالتحصيل
diamond_axe,钻石斧,Should be the strongest,ダイヤモンドアックス,Hacha de diamante,Топор,Hache de diamant,Diamantaxt,Elmas balta,다이아몬드 도끼,Diamentowy topór,Machado de diamante,Diamantøkse,Diamant bijl,Ascia diamantata,Діамантова вісь,Диамантна брадва,डायमंड कुल्हाड़ी,فأس الماس
diamond_axe_info,应该是最强的斧,#,最強の斧でなければならない,Debería ser el hacha más fuerte,Должен быть самый сильный топор,Devrait être la plus forte hache,Sollte die stärkste Axt sein,En güçlü balta olmalı,가장 강한 도끼 여야합니다.,Powinien być najsilniejszym toporem,Deve ser o machado mais forte,Skal være den stærkeste økse,Moet de sterkste bijl zijn,Dovrebbe essere l'ascia più forte,Має бути найсильнішим сокирою,Трябва да е най-силната брадва,सबसे मजबूत कुल्हाड़ी होना चाहिए,يجب أن يكون أقوى فأس
#,#,pickaxe,＃,#,#,#,#,#,#,#,#,#,#,#,#,#,#,#
pickaxe,镐,wood pickaxe,镐,镐,выбор,镐,镐,almak,선택,镐,镐,Pick,plukken,scegliere,镐,избирам,चुनना,اختيار
wood_pickaxe,木镐,Can this be used?,ハイビスカス,Hibisco,Wood-хо,Hibiscus,Hibiskus,Ahşap-ho,히비스커스 라,Hibiskus,Hibisco,Træ-ho,Wood-ho,Legno-ho,Гібіскус,Дърво-хо,लकड़ी-हो,الخشب حو
wood_pickaxe_info,这能用么,stone pickaxe,これは使えますか？,¿Se puede usar esto?,Можно ли это использовать?,Cela peut-il être utilisé?,Kann das benutzt werden?,Bu kullanılabilir mi?,이것을 사용할 수 있습니까?,Czy można to wykorzystać?,Isso pode ser usado?,Kan dette bruges?,Kan dit worden gebruikt?,Può essere usato?,Чи може це бути використане?,Може ли да се използва?,क्या इसका इस्तेमाल किया जा सकता है?,هل يمكن استخدام هذا؟
stone_pickaxe,石镐,Maybe you can use,シーヤン,Shi Yan,Ши Янь,Shi Yan,Shi Yan,Shi Yan,시얀,Shi Yan,Shi Yan,Shi Yan,Shi Yan,Shi Yan,Ши Янь,Ши Ян,शि यान,شي يان
stone_pickaxe_info,或许能用,copper pickaxe,たぶん使用する,Tal vez use,Возможно использование,Peut-être utiliser,Vielleicht benutzen,Belki kullan,어쩌면 사용,Może użyć,Talvez use,Måske bruge,Misschien gebruiken,Forse usare,"Може бути, користуйтеся",Може би се използва,शायद उपयोग करें,ربما تستخدم
copper_pickaxe,铜镐,Common and cheap pickaxe,コーズウェイ,Calzada,Медь хо,Causeway,Damm,Bakır ho,코즈웨이,Causeway,Calçada,Kobber ho,Copper ho,rame ho,Causeway,Медта хо,कॉपर हो,النحاس حو
copper_pickaxe_info,常见和廉价的金属镐,bronze pickaxe,一般的で安価な金属ビスマス,Bismuto metálico común y barato,Обычный и дешевый металлический висмут,Métal bismuth commun et bon marché,Gemeinsames und billiges Metall-Wismut,Ortak ve ucuz metal bizmut,일반적이고 값싼 금속 비스무트,Popularny i tani metalowy bizmut,Bismuto de metal comum e barato,Fælles og billig metalvismut,Gemeenschappelijk en goedkoop metaalbismut,Bismuto di metallo comune ed economico,Загальний та дешевий металевий вісмут,Общ и евтин метал бисмут,सामान्य और सस्ते धातु बिस्मुथ,البزموت المعدني العادي ورخيص
bronze_pickaxe,青铜镐,Good pickaxe,ブロンズエナメル,Esmalte de bronce,Бронзовая эмаль,Émail de bronze,Bronze Emaille,Bronz emaye,청동 에나멜,Emalia brązowa,Esmalte de bronze,Bronze emalje,Brons geëmailleerd,Smalto bronzo,Бронзова емаль,Бронзов емайл,कांस्य तामचीनी,المينا البرونزية
bronze_pickaxe_info,不错的镐,iron pickaxe,ニース镐,Agradable 镐,Ницца 镐,Nice 镐,Schön 镐,Güzel 镐,좋은,Nice 镐,Bom 镐,Nice 镐,Leuk 镐,Bello 镐,Ніцца 镐,Ница 镐,अच्छा 镐,لطيفة 镐
iron_pickaxe,铁镐,Very practical,シャベル,Pala,Выборы,Pelle,Schaufel,Seçtikleri,삽,Łopata,Pá,picks,picks,Scelte,Лопата,Прогнози,की पसंद,يختار
iron_pickaxe_info,很实用的镐,steel pickaxe,非常に実用的,Muy práctico,Очень практично,Très pratique,Sehr praktisch,Çok pratik,매우 실용적인,Bardzo praktyczny,Muito prático,Meget praktisk,Heel praktisch,Molto pratico,Дуже практично,Много практично,बहुत व्यावहारिक,عملي جدا
steel_pickaxe,钢镐,Very good use,スチールファイル,Archivo de acero,Стальной файл,Fichier en acier,Stahl-Datei,Çelik dosya,스틸 파일,Stalowy plik,Arquivo de aço,Stålfil,Stalen dossier,File di acciaio,Сталевий файл,Стоманен файл,स्टील फाइल,ملف الصلب
steel_pickaxe_info,相当好用的镐,silver pickaxe,非常に使いやすい镐,Muy fácil de usar 镐,Достаточно прост в использовании 镐,Assez facile à utiliser,Ziemlich einfach zu bedienen 镐,Kullanımı oldukça kolay 镐,아주 사용하기 쉬운,Bardzo łatwy w użyciu 镐,Bastante fácil de usar,Helt let at bruge 镐,Heel gemakkelijk te gebruiken 镐,Abbastanza facile da usare 镐,Дуже простий у використанні 镐,Доста лесен за използване 镐,उपयोग करने के लिए काफी आसान 镐,سهل جدا للاستخدام 镐
silver_pickaxe,银镐,A pickaxe that looks expensive,ジュビリー,Jubileo,Серебро хо,Jubilé,Jubiläum,Gümüş ho,희년,Jubileusz,Jubileu,Sølv ho,Silver ho,argento Ho,Ювілей,Сребърен хо,चांदी हो,الفضة حو
silver_pickaxe_info,看上去很贵的镐,gold pickaxe,非常に高価に見える,Parece muy caro,Выглядит очень дорого,Semble très cher,Sieht sehr teuer aus,Çok pahalı görünüyor,매우 비싸 보입니다.,Wygląda bardzo drogo,Parece muito caro,Ser meget dyrt ud,Ziet er erg duur uit,Sembra molto costoso,Виглядає дуже дорого,Изглежда много скъпо,बहुत महंगा लग रहा है,تبدو باهظة الثمن
gold_pickaxe,金镐,More like a collection,キム・ミン,Kim Min,Ким Мин,Kim Min,Kim Min,Kim Min,김민,Kim Min,Kim Min,Kim Min,Kim Min,Kim Min,Кім Мін,Ким Мин,किम मिन,كيم مين
gold_pickaxe_info,更像是收藏品,diamond pickaxe,もっとコレクターのような,Más como un coleccionable,Больше похоже на коллекционные,Plus comme une collection,Mehr wie ein Sammlerstück,Daha çok bir koleksiyona benziyor,더 많은 소장품처럼,Bardziej jak kolekcjoner,Mais como um colecionável,Mere som en collectible,Meer als een collectible,Più simile a un collezionabile,Більше як колекціонування,По-скоро като сбирка,एक संग्रहणीय की तरह अधिक,أشبه بالتحصيل
diamond_pickaxe,钻石镐,Should be the strongest,ダイヤモンド,Diamante 镐,Алмазная 镐,Diamant,Diamant 镐,Elmas 镐,다이아몬드,Diament 镐,Diamante 镐,Diamant 镐,Diamond 镐,Diamante 镐,Diamond 镐,Диамант 镐,डायमंड 镐,الماس 镐
diamond_pickaxe_info,应该是最强的镐,#,最強でなければならない,Debe ser el más fuerte,Должен быть самым сильным,Devrait être le plus fort,Sollte der Stärkste sein,En güçlü olmalı,가장 강해야한다.,Powinien być najsilniejszy,Deve ser o mais forte,Skal være den stærkeste,Moet de sterkste zijn,Dovrebbe essere il più forte,Має бути найсильнішим,Трябва да е най-силният,सबसे मजबूत होना चाहिए,يجب أن يكون الأقوى
#,#,hoe,＃,#,#,#,#,#,#,#,#,#,#,#,#,#,#,#
hoe,镰刀,wood hoe,鎌,Hoz,серп,Faucille,Sichel,orak,낫,Sierp,Foice,segl,sikkel,falce,Серп,сърп,दरांती,منجل
wood_hoe,木镰刀,Temporary use,木の鎌,Hoz de madera,Деревянный серп,Faucille en bois,Holz Sichel,Ahşap Orak,나무 낫,Drewniany sierp,Foice de madeira,Træ sekel,Houten sikkel,Falce di legno,Дерев'яний серп,Дървен сърп,लकड़ी का सिकल,منجل خشبي
wood_hoe_info,临时用着,stone hoe,一時的な使用,Uso temporal,Временное использование,Utilisation temporaire,Vorübergehende Verwendung,Geçici kullanım,임시 사용,Tymczasowe użycie,Uso temporário,Midlertidig brug,Tijdelijk gebruik,Uso temporaneo,Тимчасове використання,Временно използване,अस्थायी उपयोग,الاستخدام المؤقت
stone_hoe,石镰刀,Can make do with,石のこて,Paleta de piedra,Каменный шпатель,Truelle de pierre,Steinkelle,Taş mala,돌 흙손,Kamienna kielnia,Espátula de pedra,Stone trowel,Stenen troffel,Spatola di pietra,Кам'яна кельма,Каменна мистрия,पत्थर तौलिया,مجرفة الحجر
stone_hoe_info,能凑合用,copper hoe,使用できる,Puede hacer uso,Может использовать,Peut faire usage,Kann nutzen,Kullanabilir miyim,사용 가능,Może wykorzystać,Pode fazer uso,Kan gøre brug,Kan gebruik maken,Può fare uso,Можна використовувати,Може да се възползва,उपयोग कर सकते हैं,يمكن الاستفادة منها
copper_hoe,铜镰刀,Maybe better,銅こて,Paleta de cobre,Медный шпатель,Truelle en cuivre,Kupferkelle,Bakır mala,구리 흙손,Miedziana kielnia,Espátula de cobre,Kobber trowel,Koperen troffel,Spatola di rame,Мідна кельма,Медна мистрия,कॉपर तौलिया,مجرفة النحاس
copper_hoe_info,或许还可以更好点,bronze hoe,たぶんそれは良いかもしれない,Tal vez puede ser mejor,"Может быть, это может быть лучше",Peut-être que ça peut être mieux,Vielleicht kann es besser sein,Belki daha iyi olabilir,어쩌면 더 좋을 수도 있습니다.,Może to może być lepsze,Talvez possa ser melhor,Måske kan det være bedre,Misschien kan het beter zijn,Forse può essere migliore,"Може бути, це може бути краще",Може би е по-добре,शायद यह बेहतर हो सकता है,ربما يمكن أن يكون أفضل
bronze_hoe,青铜镰刀,Ordinary hoe,ブロンズファイル,Archivo de bronce,Бронзовый файл,Fichier Bronze,Bronzedatei,Bronz dosya,청동 파일,Brązowy plik,Arquivo de bronze,Bronze-fil,Bronzen bestand,File di bronzo,Бронзовий файл,Бронзов файл,कांस्य फ़ाइल,ملف البرونز
bronze_hoe_info,普通的镰刀,iron hoe,普通鎌,Hoz ordinaria,Обыкновенный серп,Faucille ordinaire,Gewöhnliche Sichel,Sıradan orak,보통 낫,Zwyczajny sierp,Foice comum,Almindelig segl,Gewone sikkel,Falce ordinaria,Звичайний серп,Обикновен сърп,सामान्य सिकल,المنجل العادي
iron_hoe,铁镰刀,Nice hoe,鉄ボーリング工具,Herramienta de perforación de hierro,Инструмент для сверления железа,Outil d'alésage de fer,Bohrwerkzeug aus Eisen,Demir sıkıcı aracı,철 보링 공구,Żelazne narzędzie wytaczarskie,Ferramenta de perfuração de ferro,Jern kedeligt værktøj,IJzer kottergereedschap,Strumento per la foratura del ferro,Залізна свердлильний інструмент,Железен инструмент за сондиране,लौह उबाऊ उपकरण,أداة حديد مملة
iron_hoe_info,不错的镰刀,steel hoe,良い鎌,Buena hoz,Хороший серп,Bonne faucille,Gute Sichel,Iyi orak,좋은 낫,Dobry sierp,Boa foice,God segl,Goede sikkel,Buona falce,Добрий серп,Добър сърп,अच्छा सिकल,منجل جيد
steel_hoe,钢镰刀,Well used hoe,スチールファイル,Archivo de acero,Стальной файл,Fichier en acier,Stahl-Datei,Çelik dosya,스틸 파일,Stalowy plik,Arquivo de aço,Stålfil,Stalen dossier,File di acciaio,Сталевий файл,Стоманен файл,स्टील फाइल,ملف الصلب
steel_hoe_info,很好用的镰刀,silver hoe,非常に便利なファイル,Archivo muy útil,Очень полезный файл,Fichier très utile,Sehr nützliche Datei,Çok yararlı dosya,매우 유용한 파일,Bardzo przydatny plik,Arquivo muito útil,Meget nyttig fil,Zeer nuttig bestand,File molto utile,Дуже корисний файл,Много полезен файл,बहुत उपयोगी फ़ाइल,ملف مفيد جدا
silver_hoe,银镰刀,A hoe that looks expensive,シルバーナイフ,Cuchillos de plata,Серебряные ножи,Couteaux d'argent,Silberne Messer,Gümüş bıçaklar,실버 나이프,Srebrne noże,Facas de prata,Sølvknive,Zilveren messen,Coltelli d'argento,Срібні ножі,Сребърни ножове,रजत चाकू,سكاكين فضية
silver_hoe_info,看上去很贵的镰刀,gold hoe,高価なサイコ,Guadaña que parece caro,"Коса, которая выглядит дорогой",Scythe qui a l'air chère,"Sense, die teuer aussieht",Scythe pahalı görünüyor,비싸 보이는 낫,"Kosa, która wygląda na drogie",Foice que parece caro,Scythe der ser dyrt ud,Zeis die er duur uitziet,Falce che sembra costosa,Scythe це виглядає дорого,"Скита, която изглежда скъпа",Scythe कि महंगा लग रहा है,المنجل الذي يبدو باهظ الثمن
gold_hoe,金镰刀,Extremely expensive hoe,ゴールデンナイフ,Cuchillos dorados,Золотые ножи,Couteaux d'or,Goldene Messer,Altın bıçaklar,골든 나이프,Złote noże,Facas de ouro,Gyldne knive,Gouden messen,Coltelli d'oro,Золоті ножі,Златни ножове,गोल्डन चाकू,سكاكين ذهبية
gold_hoe_info,极其昂贵的镰刀,diamond hoe,非常に高価な鎌,Hoz extremadamente costosa,Чрезвычайно дорогой серп,Faucille extrêmement chère,Extrem teure Sichel,Son derece pahalı orak,매우 비싼 낫,Niezwykle drogi sierp,Foice extremamente caro,Ekstremt dyrt segl,Zeer dure sikkel,Falce estremamente costosa,Дуже дорогий серп,Изключително скъп сърп,बेहद महंगा सिकल,المنجل مكلفة للغاية
diamond_hoe,钻石镰刀,The strongest hoe,ダイヤモンドファイル,Archivo Diamond,Алмазный файл,Fichier diamant,Diamant-Datei,Elmas dosya,다이아몬드 파일,Diamentowy plik,Arquivo de diamante,Diamantfil,Diamantbestand,Lima diamantata,Алмазний файл,Диамантен файл,डायमंड फ़ाइल,ملف الماس
diamond_hoe_info,最强的镰刀,#,最強の鎌,La hoz más fuerte,Самый сильный серп,La faucille la plus forte,Die stärkste Sichel,En güçlü orak,가장 강한 낫,Najsilniejszy sierp,A foice mais forte,Den stærkeste segl,De sterkste sikkel,La falce più forte,Найсильніший серп,Най-силният сърп,सबसे मजबूत सिकल,أقوى منجل
#,#,sword,＃,#,#,#,#,#,#,#,#,#,#,#,#,#,#,#
sword,剑,wood sword,ソード,Espada,меч,Épée,Schwert,kılıç,검,Miecz,Espada,Sword,zwaard,spada,Меч,меч,तलवार,سيف
wood_sword,木剑,Is this thing hurt?,木刀,Espada de madera,Деревянный меч,Epée en bois,Holzschwert,Tahta kılıç,나무 검,Drewniany miecz,Espada de madeira,Træ sværd,Houten zwaard,Spada di legno,Дерев'яний меч,Дървен меч,लकड़ी की तलवार,سيف خشبي
wood_sword_info,这东西有伤害么,stone sword,これは何か有害なものですか？,¿Esto es algo dañino?,Это что-то вредное?,Est-ce quelque chose de nuisible?,Ist das etwas schädlich?,Bu zararlı bir şey mi?,이게 뭔가 해로운거야?,Czy to coś szkodliwego?,Isso é algo prejudicial?,Er dette noget skadeligt?,Is dit iets schadelijk?,È qualcosa di dannoso?,Це щось шкідливе?,Това нещо ли е вредно?,क्या यह कुछ हानिकारक है?,هل هذا شيء ضار؟
stone_sword,石剑,It looks very simple,ストーンソード,Espada de piedra,Каменный меч,Épée de pierre,Steinschwert,Taş kılıç,스톤 검,Kamienny miecz,Espada de pedra,Sten sværd,Steenzwaard,Spada di pietra,Кам'яний меч,Каменни мечове,पत्थर तलवार,سيف الحجر
stone_sword_info,看上去很简陋,copper sword,非常に簡単に見える,Parece muy simple,Выглядит очень просто,Semble très simple,Sieht sehr einfach aus,Çok basit görünüyor,아주 단순 해 보인다.,Wygląda bardzo prosto,Parece muito simples,Ser meget simpelt ud,Ziet er heel eenvoudig uit,Sembra molto semplice,Виглядає дуже просто,Изглежда много проста,बहुत आसान लग रहा है,تبدو بسيطة جدا
copper_sword,铜剑,Ordinary sword,銅剣,Espada de cobre,Медный меч,Épée de cuivre,Kupferschwert,Bakır kılıç,구리 검,Miedziany miecz,Espada de cobre,Kobber sværd,Koperen zwaard,Spada di rame,Медний меч,Мед меч,कॉपर तलवार,سيف النحاس
copper_sword_info,普通武器,bronze sword,普通の武器,Arma ordinaria,Обычное оружие,Arme ordinaire,Gewöhnliche Waffe,Sıradan silah,보통 무기,Zwyczajna broń,Arma comum,Almindeligt våben,Gewoon wapen,Arma ordinaria,Звичайна зброя,Обикновено оръжие,साधारण हथियार,سلاح عادي
bronze_sword,青铜剑,Bronze weapons,青銅の剣,Espada de bronce,Бронзовый меч,Épée de bronze,Bronzeschwert,Bronz kılıç,청동 검,Brązowy miecz,Espada de bronze,Bronze sværd,Bronzen zwaard,Spada di bronzo,Бронзовий меч,Бронзов меч,कांस्य तलवार,السيف البرونزي
bronze_sword_info,青铜武器,iron sword,ブロンズ武器,Arma de bronce,Бронзовое оружие,Arme de bronze,Bronze Waffe,Bronz silah,청동 무기,Brązowa broń,Arma de bronze,Bronze våben,Bronzen wapen,Arma di bronzo,Бронзова зброя,Бронзово оръжие,कांस्य हथियार,سلاح البرونز
iron_sword,铁剑,Good weapon,鉄刀,Espada de hierro,Железный меч,Épée de fer,Eiserne Schwert,Demir kılıç,철검,Żelazny miecz,Espada de ferro,Jern sværd,IJzeren zwaard,Spada di ferro,Залізний меч,Железен меч,लौह तलवार,سيف الحديد
iron_sword_info,不错的武器,steel sword,ニースの武器,Bonita arma,Хорошее оружие,Belle arme,Schöne Waffe,Güzel silah,좋은 무기,Ładna broń,Arma agradável,Nice våben,Mooi wapen,Bella arma,Приємна зброя,Хубаво оръжие,अच्छा हथियार,سلاح لطيف
steel_sword,钢剑,Powerful weapon,スチールソード,Espada de acero,Стальной меч,Épée en acier,Stahlschwert,Çelik kılıç,강철 검,Miecz stalowy,Espada de aço,Stål sværd,Staalzwaard,Spada d'acciaio,Сталевий меч,Стоманен меч,स्टील तलवार,السيف الفولاذي
steel_sword_info,强大的武器,silver sword,強力な武器,Arma poderosa,Мощное оружие,Arme puissante,Mächtige Waffe,Güçlü silah,강력한 무기,Potężna broń,Arma poderosa,Kraftigt våben,Krachtig wapen,Arma potente,Потужна зброя,Мощно оръжие,शक्तिशाली हथियार,سلاح قوي
silver_sword,银剑,May be able to drive away ghosts,シルバーソード,Espada de plata,Серебряный меч,Épée d'argent,Silbernes Schwert,Gümüş kılıç,은색 검,Srebrny miecz,Espada de prata,Sølv sværd,Zilveren zwaard,Spada d'argento,Срібний меч,Сребърен меч,रजत तलवार,سيف فضي
silver_sword_info,或许能驱鬼,gold sword,多分エクササイズする,Tal vez exorcise,"Может быть, изгнать",Peut-être exorciser,Vielleicht exorzieren,Belki de zorlama,어쩌면 쫓아 낼 수도있다.,Może egzorcyzmować,Talvez exorcizar,Måske udøve,Misschien uitdrijven,Forse esorcizzare,"Може бути, зцілення",Може би измъчвам,शायद exorcise,ربما تطرد
gold_sword,金剑,Seems to be a collectible,ジン・ジアン,Jin Jian,Цзинь Цзянь,Jin Jian,Jin Jian,Jin Jian,진 지앤,Jin Jian,Jin Jian,Jin Jian,Jin Jian,Jin Jian,Цзинь Цзянь,Джин Джиан,जिन जियान,جين جيان
gold_sword_info,似乎是个收藏品,diamond sword,コレクタブルに見える,Parece ser un coleccionable,"Кажется, это коллекционное",Semble être un objet de collection,Scheint ein Sammlerstück zu sein,Bir tahsil edilebilir gibi görünüyor,소장품 인 것처럼 보입니다.,Wydaje się być kolekcjonerem,Parece ser um colecionador,Synes at være en collectible,Lijkt een collectible te zijn,Sembra essere un collezionabile,"Здається, колекціонування",Изглежда да е сбирка,एक संग्रहणीय लगता है,يبدو أن يكون تحصيلها
diamond_sword,钻石剑,Attack a very high sword,ダイヤモンドの剣,Espada de diamantes,Алмазный меч,Épée de diamant,Diamantschwert,Elmas kılıç,다이아몬드 칼,Diamentowy miecz,Espada de diamante,Diamant sværd,Diamant zwaard,Spada di diamante,Алмазний меч,Диамантен меч,डायमंड तलवार,سيف الماس
diamond_sword_info,攻击很高的剑,#,非常に高い剣を攻撃する,Atacando una espada muy alta,Нападение на очень высокий меч,Attaquer une épée très haute,Ein sehr hohes Schwert angreifen,Çok yüksek bir kılıç saldıran,매우 높은 검을 공격한다.,Atakowanie bardzo wysokiego miecza,Atacando uma espada muito alta,Angriber et meget højt sværd,Een zeer hoog zwaard aanvallen,Attaccare una spada molto alta,Напад на дуже високий меч,Нападение на много висок меч,एक बहुत अधिक तलवार पर हमला,مهاجمة سيف عالية جدا
#,#,shovel,＃,#,#,#,#,#,#,#,#,#,#,#,#,#,#,#
shovel,铲子,wood shovel,シャベル,Pala,лопата,Pelle,Schaufel,kürek,삽,Łopata,Pá,skovl,schop,pala,Лопата,лопата,बेलचा,مجرفة
wood_shovel,木铲,Extremely cheap shovel,木製のシャベル,Palas de madera,Деревянные лопаты,Pelles en bois,Holzschaufeln,Tahta kürekler,나무 삽,Drewniane łopaty,Pás de madeira,Træskovl,Houten schoppen,Pale di legno,Дерев'яні лопати,Дървени лопати,लकड़ी के फावड़े,مجارف خشبية
wood_shovel_info,极其廉价的铲子,stone shovel,非常に安いショベル,Pala extremadamente económica,Чрезвычайно дешевая лопата,Pelle extrêmement bon marché,Extrem billige Schaufel,Son derece ucuz kürek,매우 저렴한 삽,Niezwykle tania łopata,Pá extremamente barata,Ekstremt billig skovl,Zeer goedkope schop,Pala estremamente economica,Надзвичайно дешева лопата,Изключително евтина лопата,बेहद सस्ते फावड़ा,مجرفة رخيصة للغاية
stone_shovel,石铲,Cheap shovel,石のシャベル,Palas de piedra,Каменные лопаты,Pelles en pierre,Steinschaufeln,Taş kürekler,석재 삽,Kamienne łopaty,Pás de pedra,Stone skovl,Stenen schoppen,Pale di pietra,Кам'яні лопати,Каменни лопати,पत्थर फावड़ियों,المجارف الحجر
stone_shovel_info,廉价铲子,copper shovel,格安ショベル,Pala barata,Дешевая лопата,Pelle bon marché,Günstige Schaufel,Cheap kürek,저렴한 삽,Tania łopata,Pá barata,Billige skovl,Goedkope schop,Pala economica,Дешева лопата,Евтина лопата,सस्ता फावड़ा,مجرفة رخيصة
copper_shovel,铜铲,Ordinary shovel,銅のシャベル,Pala de cobre,Медная лопата,Pelle en cuivre,Kupferschaufel,Bakır kürek,구리 삽,Miedziana łopata,Pá de cobre,Kobber skovl,Koperen schop,Pala di rame,Мідна лопата,Медна лопата,कॉपर फावड़ा,مجرفة النحاس
copper_shovel_info,普通铲子,bronze shovel,共通のシャベル,Pala común,Обычная лопата,Pelle commune,Gemeinsame Schaufel,Ortak kürek,일반적인 삽,Pospolita łopata,Pá comum,Fælles skovl,Gemeenschappelijke schop,Pala comune,Спільна лопата,Обща лопата,आम फावड़ा,مجرفة مشتركة
bronze_shovel,青铜铲,A good shovel,ブロンズシャベル,Pala de bronce,Бронзовая лопата,Pelle en bronze,Bronze Schaufel,Bronz kürek,청동 삽,Brązowa łopata,Pá de bronze,Bronze spade,Bronzen schop,Pala di bronzo,Бронзова лопата,Бронзова лопата,कांस्य फावड़ा,مجرفة برونزية
bronze_shovel_info,不错的铲子,iron shovel,ニースショベル,Bonita pala,Хорошая лопата,Belle pelle,Schöne Schaufel,Güzel kürek,멋진 삽,Ładna łopata,Pá agradável,Flot skovl,Leuke schop,Bella pala,Ніцца лопатою,Хубава лопата,अच्छा फावड़ा,مجرفة لطيفة
iron_shovel,铁铲,Easy to use shovel,シャベル,Pala,лопата,Pelle,Schaufel,kürek,삽,Łopata,Pá,skovl,schop,pala,Лопата,лопата,बेलचा,مجرفة
iron_shovel_info,好用的铲子,steel shovel,使いやすいシャベル,Pala fácil de usar,Простая в использовании лопата,Pelle facile à utiliser,Einfach zu bedienende Schaufel,Kürek kullanımı kolay,삽을 사용하기 쉽다.,Łatwa w użyciu łopata,Pá fácil de usar,Let at bruge skovl,Eenvoudig te gebruiken schop,Pala facile da usare,Легко використовувати лопату,Лесна за използване лопата,फावड़ा का उपयोग करने में आसान है,سهل الاستخدام مجرفة
steel_shovel,钢铲,Durable shovel,スチールシャベル,Palas de acero,Стальные лопаты,Pelles en acier,Stahlschaufeln,Çelik kürekler,철강 삽,Łopaty stalowe,Pás de aço,Stålskovle,Stalen schoppen,Pale d'acciaio,Сталеві лопати,Стоманени лопати,स्टील फावड़ियों,المجارف الصلب
steel_shovel_info,耐久很高的铲子,silver shovel,耐久性のあるシャベル,Pala duradera,Прочная лопата,Pelle durable,Dauerhafte Schaufel,Dayanıklı kürek,튼튼한 삽,Trwała łopata,Pá durável,Holdbar skovl,Duurzame schop,Pala durevole,Міцна лопата,Трайна лопата,टिकाऊ फावड़ा,مجرفة دائمة
silver_shovel,银铲,Extremely expensive shovel,シャベル,Pala,Серебро лопата,Pelle,Schaufel,Gümüş Kürek,삽,Łopata,Pá,Sølv Skovl,zilver Schep,argento Pala,Лопата,Сребърен лопата,रजत फावड़ा,الفضة المجرفة
silver_shovel_info,极其昂贵的铲子,gold shovel,非常に高価なシャベル,Pala extremadamente costosa,Чрезвычайно дорогая лопата,Pelle extrêmement coûteuse,Extrem teure Schaufel,Son derece pahalı kürek,매우 비싼 삽,Niezwykle kosztowna łopata,Pá extremamente cara,Ekstremt dyr skovl,Extreem dure schop,Pala estremamente costosa,Надзвичайно дорога лопата,Изключително скъпа лопата,बेहद महंगा फावड़ा,مجرفة مكلفة للغاية
gold_shovel,金铲,Feeling is a waste,シャベル,Pala,Золотой лопата,Pelle,Schaufel,Altın Kürek,삽,Łopata,Pá,Golden Skovl,Golden Shovel,oro Pala,Лопата,Golden лопата,गोल्डन फावड़ा,الذهبي المجرفة
gold_shovel_info,感觉是一种浪费,diamond shovel,感情は無駄です,El sentimiento es un desperdicio,Чувство - это отходы,Le sentiment est un déchet,Gefühl ist eine Verschwendung,Hissetmek bir israftır,느낌은 낭비이다.,Uczucie to marnotrawstwo,Sentir é um desperdício,Følelse er spild,Gevoel is een verspilling,Sentirsi è uno spreco,Відчуття - це відходи,Усещането е загуба,महसूस करना एक अपशिष्ट है,الشعور هو مضيعة
diamond_shovel,钻石铲,Extremely hard shovel,ダイヤモンドショベル,Pala de diamante,Алмазная лопата,Pelle à diamant,Diamantschaufel,Elmas kürek,다이아몬드 삽,Szufla diamentowa,Pá de diamante,Diamantskovl,Diamantschop,Pala diamantata,Алмазна лопата,Диамантена лопата,डायमंड फावड़ा,مجرفة الماس
diamond_shovel_info,坚硬无比的铲子,#,ハードショベル,Pala dura,Жесткая лопата,Pelle dure,Harte Schaufel,Sert kürek,단단한 삽,Twarda łopata,Pá dura,Hård skovl,Harde schop,Pala dura,Жорсткий лопата,Твърда лопата,हार्ड फावड़ा,مجرفة صلبة
#,#,wrench,＃,#,#,#,#,#,#,#,#,#,#,#,#,#,#,#
wrench,扳手,copper wrench,レンチ,Llave inglesa,гаечный ключ,Clé,Schraubenschlüssel,İngiliz anahtarı,렌치,Klucz,Chave inglesa,Wrench,moersleutel,chiave,Гайковий ключ,гаечен ключ,रिंच,وجع
copper_wrench,铜扳手,Very ordinary wrench,銅レンチ,Llave de cobre,Медный ключ,Clé en cuivre,Kupferschlüssel,Bakır anahtarı,구리 렌치,Miedziany klucz,Chave de cobre,Kobbernøgle,Koperen moersleutel,Chiave di rame,Мідний гайковий ключ,Меден гаечен ключ,कॉपर रिंच,وجع النحاس
copper_wrench_info,很普通的扳手,bronze wrench,非常に普通のレンチ,Llave muy ordinaria,Очень обычный ключ,Clé très ordinaire,Sehr gewöhnlicher Schraubenschlüssel,Çok sıradan anahtarı,아주 보통 렌치,Bardzo zwyczajny klucz,Chave muito comum,Meget almindelig skruenøgle,Heel gewone sleutel,Chiave molto ordinaria,Дуже простий ключ,Много обикновен гаечен ключ,बहुत साधारण रिंच,وجع عادية جدا
bronze_wrench,青铜扳手,Durable wrench,ブロンズレンチ,Llave de bronce,Бронзовый ключ,Clé en bronze,Bronzeschlüssel,Bronz anahtarı,청동 렌치,Brązowy klucz,Chave de bronze,Bronsnøgle,Bronzen moersleutel,Chiave di bronzo,Бронзовий ключ,Бронен ключ,कांस्य रिंच,وجع البرونز
bronze_wrench_info,耐用的扳手,iron wrench,耐久レンチ,Llave duradera,Прочный ключ,Clé durable,Haltbarer Schraubenschlüssel,Dayanıklı anahtar,내구성 렌치,Wytrzymały klucz,Chave durável,Holdbar nøgle,Duurzame sleutel,Chiave durevole,Довговічний ключ,Устойчив гаечен ключ,टिकाऊ रिंच,وجع دائم
iron_wrench,铁扳手,A wrench with high durability,鉄レンチ,Llave de hierro,Железный ключ,Clé en fer,Eisenschlüssel,Demir anahtarı,철제 렌치,Żelazny klucz,Chave de ferro,Jernnøgle,IJzeren sleutel,Chiave di ferro,Залізний гайковий ключ,Железен ключ,आयरन रिंच,مفتاح حديد
iron_wrench_info,一种耐久度很高的扳手,steel wrench,耐久レンチ,una llave duradera,прочный ключ,une clé durable,ein haltbarer Schraubenschlüssel,dayanıklı bir anahtar,튼튼한 렌치,wytrzymały klucz,uma chave durável,en holdbar skruenøgle,een duurzame sleutel,una chiave robusta,міцний ключ,устойчив гаечен ключ,एक टिकाऊ रिंच,وجع دائم
steel_wrench,钢扳手,The strongest wrench,スチールレンチ,Llave de acero,Стальной гаечный ключ,Clé en acier,Stahlschlüssel,Çelik anahtarı,스틸 렌치,Klucz stalowy,Chave de aço,Stålnøgle,Stalen moersleutel,Chiave d'acciaio,Стальний ключ,Стоманен гаечен ключ,स्टील रिंच,وجع الصلب
steel_wrench_info,最强的扳手,#,最も強いレンチ,Llave más fuerte,Самый сильный ключ,Clé la plus forte,Stärkster Schraubenschlüssel,En güçlü anahtarı,가장 강한 렌치,Najsilniejszy klucz,Chave mais forte,Stærkeste skiftenøgle,Sterkste sleutel,Chiave più forte,Найсильніший гайковий ключ,Най-силен гаечен ключ,सबसे मजबूत रिंच,أقوى وجع
#,#,light,＃,#,#,#,#,#,#,#,#,#,#,#,#,#,#,#
light,光,torch,ライト,Luz,свет,Lumière,Licht,ışık,빛,Światło,Light,Lys,licht,luce,Світло,светлина,प्रकाश,ضوء
torch,火把,Bring light,トーチ,Antorcha,факел,Torche,Fackel,meşale,토치,Pochodnia,Tocha,Torch,fakkel,torcia,Факел,факел,मशाल,شعلة
torch_info,带来光明,#,光をもたらす,Trae luz,Принесите свет,Apportez la lumière,Bring Licht mit,Işık getirmek,가져와,Przynieś światło,Trazer luz,Bringe lys,Breng licht,Porta luce,Принесіть світло,Донесете светлина,प्रकाश लाओ,جلب الضوء
#,#,food,＃,#,#,#,#,#,#,#,#,#,#,#,#,#,#,#
food,食物,apple,食べ物,Comida,питание,Nourriture,Essen,gıda,음식,Jedzenie,Alimento,mad,eten,cibo,Їжа,храна,भोजन,طعام
apple,苹果,Common fruit,アップル,Apple,яблоко,Apple,Apple,elma,애플,Apple,Maçã,æble,appel,mela,Яблуко,ябълка,सेब,تفاحة
apple_info,常见水果,wheat,一般的な果物,Fruta común,Общие фрукты,Fruit commun,Gemeinsame Frucht,Ortak meyve,일반적인 과일,Wspólne owoce,Fruta comum,Fælles frugt,Algemeen fruit,Frutto comune,Спільний фрукт,Чести плодове,सामान्य फल,الفاكهة المشتركة
wheat,小麦,Full of plants,小麦,Trigo,пшеница,Blé,Weizen,buğday,밀,Pszenica,Trigo,Hvede,tarwe,grano,Пшениця,пшеница,गेहूँ,قمح
wheat_info,填饱肚子的植物,flour,植物の腹を満たす,Llenar el vientre de la planta,Заполнение живота растения,Remplir le ventre de la plante,Den Bauch der Pflanze füllen,Bitkinin karnını doldurma,식물의 아랫배 채우기,Wypełnienie brzucha rośliny,Enchendo a barriga da planta,Fyldning af plantens mave,De buik van de plant vullen,Riempiendo il ventre della pianta,Заповнення живота рослини,Запълване на корема на растението,पौधे के पेट भरना,ملء بطن النبات
flour,面粉,After wheat is ground,小麦粉,Harina,мучной,Farine,Mehl,un,밀가루,Mąka,Farinha,mel,meel,farina,Борошно,брашно,आटा,طحين
flour_info,小麦被磨碎后,dough,小麦が粉砕された後,Después de que el trigo se molió,После измельчения пшеницы,Après le blé est moulu,Nachdem der Weizen gemahlen ist,Buğday yerdikten sonra,밀을 갈아서 후,Po zmieleniu pszenicy,Depois que o trigo é moído,Efter hveden er jorden,Nadat de tarwe is gemalen,Dopo che il grano è macinato,"Після того, як пшениця грунтована",След като пшеницата е смляна,गेहूं जमीन के बाद,بعد أن يطحن القمح
dough,面团,Flour and water,生地,Masa,тесто,Pâte,Teig,hamur,반죽,Ciasto,Massa,Dough,deeg,pasta,Тісто,тесто,लोई,عجين
dough_info,面粉加水,steamed bread,小麦粉と水,Harina y agua,Мука и вода,Farine et eau,Mehl und Wasser,Un ve su,밀가루와 물,Mąka i woda,Farinha e Água,Mel og vand,Meel en water,Farina e acqua,Борошно та вода,Брашно и вода,आटा और पानी,الطحين والماء
steamed_bread,馒头,A staple food,汕頭,Shantou,Паровой хлеб,Shantou,Shantou,Buharda ekmek,산 터우,Shantou,Shantou,dampet brød,gestoomd brood,pane cotto a vapore,Шаньтоу,Задушени хляб,उबले हुए रोटी,الخبز على البخار
steamed_bread_info,一种主食,bread,主食,un alimento básico,основной продукт питания,un aliment de base,ein Grundnahrungsmittel,temel gıda,주식,podstawowy pokarm,um alimento básico,en hæftemad,een hoofdvoedsel,un alimento base,основна їжа,основна храна,एक मुख्य भोजन,غذاء رئيسي
bread,面包,A staple food,パン,Pan,хлеб,Pain,Brot,ekmek,빵,Chleb,Pão,brød,brood,pane,Хліб,хляб,रोटी,خبز
bread_info,一种主食,paddy,主食,un alimento básico,основной продукт питания,un aliment de base,ein Grundnahrungsmittel,temel gıda,주식,podstawowy pokarm,um alimento básico,en hæftemad,een hoofdvoedsel,un alimento base,основна їжа,основна храна,एक मुख्य भोजन,غذاء رئيسي
paddy,水稻,Full of plants,ライス,Arroz,рисовый,Riz,Reis,pirinç,쌀,Ryż,Arroz,ris,rijst,riso,Рис,ориз,चावल,الأرز
paddy_info,填饱肚子的植物,rice(shell),植物の腹を満たす,Llenar el vientre de la planta,Заполнение живота растения,Remplir le ventre de la plante,Den Bauch der Pflanze füllen,Bitkinin karnını doldurma,식물의 아랫배 채우기,Wypełnienie brzucha rośliny,Enchendo a barriga da planta,Fyldning af plantens mave,De buik van de plant vullen,Riempiendo il ventre della pianta,Заповнення живота рослини,Запълване на корема на растението,पौधे के पेट भरना,ملء بطن النبات
rice_shell,带壳米饭,Rice stripped,殻付き米,Arroz sin cáscara,Облицованный рис,Riz décortiqué,Geschälter Reis,Kabuklu pilav,껍질을 벗긴 쌀,Ryż łuskany,Arroz sem casca,Shelled ris,Gepelde rijst,Riso sgusciato,Рис на луку,Олющен ориз,शेल चावल,الأرز المقشور
rice_shell_info,水稻剥下的,rice,ライスピーリング,Pelado de arroz,Рисовый пилинг,Peeling au riz,Reis peeling,Pirinç soyma,쌀 필링,Peeling ryżowy,Casca de arroz,Ris peeling,Rijst pellen,Peeling al riso,Рисовий пілінг,Райс пилинг,चावल छीलने,تقشير الأرز
rice,米饭,It is rice,ライス,Arroz,рисовый,Riz,Reis,pirinç,쌀,Ryż,Arroz,ris,rijst,riso,Рис,ориз,चावल,الأرز
rice_info,就是米饭,rice ball,米,Es arroz,Является рисом,Est le riz,Ist Reis,Pirinç mi,쌀이야.,Czy ryż,É arroz,Er ris,Is rijst,È il riso,Це рис,Има ориз,चावल है,هو الأرز
rice_ball,饭团,rice made into spherical,ライスボール,Bola de arroz,Рисовый шар,Balle de riz,Reisbällchen,Pirinç topu,밥알,Kulka ryżu,Bola de arroz,Risbold,Rijstbal,Palla di riso,Рисовий м'яч,Ориз с топка,चावल की गेंद,كرة الأرز
rice_ball_info,米饭做成球状,clam,ライスはボールになった,Arroz hecho una bola,Рис превратился в мяч,Riz transformé en boule,Reis zu einem Ball gemacht,Bir top haline getirilmiş pilav,쌀로 만든 공,Ryż w kulkę,Arroz feito em uma bola,Ris lavet til en bold,Rijst gemaakt tot een bal,Riso trasformato in una palla,Рис зроблений в м'яч,Райс се превърна в топка,चावल एक गेंद में बना दिया,جعل الأرز الكرة
clam,蛤蜊,It is best not to eat it raw,蛤,蛤蜊,моллюски,蛤蜊,蛤蜊,deniz tarağı,蛤,蛤蜊,蛤蜊,hjertemuslinger,Clams,molluschi,蛤蜊,миди,क्लैम,الرخويات
clam_info,最好不要生吃它,clam_ripe,それは生で食べないのが最善です,Lo mejor es no comerlo crudo,Лучше не есть его сырое,Il vaut mieux ne pas le manger cru,"Es ist am besten, es nicht roh zu essen",Ham olmak en iyisi değil,먹지 않는 것이 가장 좋습니다.,Najlepiej nie jeść go na surowo,É melhor não comê-lo cru,Det er bedst at ikke spise det rå,Het is het beste om het niet rauw te eten,È meglio non mangiarlo crudo,Краще не їсти його сирим,Най-добре е да не ядете сурово,कच्चे खाने के लिए यह सबसे अच्छा नहीं है,من الأفضل ألا تأكله نيئاً
clam_ripe,熟蛤蜊,Nutritious food,調理済み,Cocinado,Вареные мидии,Cuit,Gekocht,Pişmiş istiridye,요리 된,Gotowane,Cozinhado,kogte muslinger,gekookte mosselen,vongole cotte,Приготований,Варени миди,पकाया क्लैम,المحار المطبوخ
clam_ripe_info,营养丰富的食物,#,栄養価の高い食品,Comida nutritiva,Питательная пища,Nourriture nutritive,Nahrhaftes Essen,Besleyici gıda,영양가있는 음식,Pożywne jedzenie,Alimentos nutritivos,Nærende mad,Voedzaam eten,Cibo nutriente,Харчова їжа,Хранителна храна,पौष्टिक भोजन,الطعام المغذي
#,#,compound,＃,#,#,#,#,#,#,#,#,#,#,#,#,#,#,#
compound,compound,stove,化合物,Compuesto,соединение,Composé,Verbindung,bileşik,화합물,Związek,Composto,forbindelse,samenstelling,composto,Сполука,съединение,यौगिक,مركب
stove,炉子,blast furnace,ストーブ,Estufa,плита,Cuisinière,Herd,soba,스토브,Piec,Fogão,komfur,fornuis,fornello,Плита,печка,स्टोव,موقد
high_stove,高炉,multiple squares,高炉,Alto horno,Доменная печь,Haut fourneau,Hochofen,Yüksek fırın,용광로,Wielki piec,Alto forno,Højovne,Hoogoven,Altoforno,Доменна піч,Доменната пещ,विस्फोट भट्टी,فرن الانفجار
big_block,多方块,"Large stone furnaces can burn more things,
nand there is only one ordinary stone furnace outlet.",複数の四角,Cuadrados múltiples,Несколько квадратов,Carrés multiples,Mehrere Quadrate,Çoklu kareler,여러 개의 사각형,Wiele kwadratów,Vários quadrados,Flere kvadrater,Meerdere vierkanten,Piazze multiple,Кілька квадратів,Няколко квадрати,एकाधिक वर्ग,مربعات متعددة
big_stone_stove_info,"大型石炉可以烧制更多东西，
普通的石炉出口只有一个","Simple stone blast furnace,
with it can burn steel,
but a 20% chance will fail","大きな石ストーブはより多くのものを燃やすことができますが、
普通の石炉の出口は1つだけです","Las estufas de piedra grandes pueden quemar más cosas,
Solo hay una salida normal de horno de piedra","Большие каменные печи могут сжигать больше вещей,
Существует только один обычный выход из каменной печи","Les grands poêles en pierre peuvent brûler plus de choses,
Il n'y a qu'une sortie de four en pierre ordinaire","Große Steinöfen können mehr Dinge verbrennen,
Es gibt nur einen normalen Steinofenausgang","Büyük taş ocaklar daha fazla şey yakabilir,
Sadece bir sıradan taş fırın çıkışı var","대형 석재 스토브는 더 많은 것을 태울 수 있지만,
단 하나의 용광로 출구 만있다.","Duże kamienne piece mogą spalić więcej rzeczy,
Jest tylko jedno zwykłe wyjście z pieca kamiennego","Grandes fogões de pedra podem queimar mais coisas,
Há apenas uma saída de forno de pedra comum","Store stenovne kan brænde flere ting,
Der er kun en almindelig stenovn udgang","Grote stenen kachels kunnen meer dingen verbranden,
Er is slechts één gewone steenovenuitgang","Grandi stufe di pietra possono bruciare più cose,
Esiste solo un'uscita ordinaria per il forno a pietra","Великі кам'яні печі можуть спалити більше речей,
Є лише один звичайний кам'яний пічний виїзд","Големите каменни печки могат да горят повече неща,
Има само една обикновена изходна каменна пещ","बड़े पत्थर के स्टोव अधिक चीजें जला सकते हैं,
केवल एक साधारण पत्थर भट्ठी निकास है","المواقد الحجرية الكبيرة يمكنها حرق المزيد من الأشياء ،
يوجد مخرج واحد فقط من الفرن العادي"
high_stone_stove_info,"简易石头高炉，
有了它就可以烧制钢铁了，
不过有20%的几率会失败",#,"シンプルな石の溶鉱炉、
それで、鋼を焼くことができます。
しかし、失敗する確率は20％です。","Alto horno de piedra simple,
Con eso, puedes quemar acero.
Sin embargo, hay un 20% de posibilidades de que falle.","Простая каменная доменная печь,
С его помощью вы можете сжигать сталь.
Однако есть 20% вероятность того, что он потерпит неудачу.","Haut fourneau en pierre simple,
Avec cela, vous pouvez brûler de l'acier.
Cependant, il y a 20% de chances que cela échoue.","Einfacher Steinhochofen,
Mit ihm können Sie Stahl verbrennen.
Es besteht jedoch eine Wahrscheinlichkeit von 20%, dass dies fehlschlagen wird.","Basit taş yüksek fırın,
Bununla birlikte çelik yakabilirsiniz.
Bununla birlikte, başarısızlığa uğrama olasılığı% 20'dir.","간단한 돌 용광로,
그것으로 강철을 태울 수 있습니다.
그러나 실패 할 확률은 20 %입니다.","Prosty kamienny piec hutniczy,
Dzięki niej możesz spalić stal.
Istnieje jednak 20% szans na niepowodzenie.","Alto-forno de pedra simples,
Com isso, você pode queimar aço.
No entanto, há 20% de chance de falhar.","Simpel stenovne,
Med det kan du brænde stål.
Der er dog en 20% chance for, at det vil mislykkes.","Eenvoudige steen hoogoven,
Hiermee kunt u staal verbranden.
Er is echter een kans van 20% dat het zal mislukken.","Semplice altoforno di pietra,
Con esso, puoi bruciare l'acciaio.
Tuttavia, c'è una probabilità del 20% che fallirà.","Простий кам'яна доменна піч,
З ним можна спалити сталь.
Однак існує 20% шансів, що він буде невдалим.","Обикновена каменна доменна пещ,
С него можете да изгаряте стомана.
Въпреки това има шанс от 20% да се провали.","सरल पत्थर विस्फोट भट्टी,
इसके साथ, आप स्टील जला सकते हैं।
हालांकि, 20% मौका है कि यह असफल हो जाएगा।","فرن صخري بسيط ،
مع ذلك ، يمكنك حرق الفولاذ.
ومع ذلك ، هناك احتمال 20 ٪ أن تفشل."
#,#,It’s just the wall,＃,#,#,#,#,#,#,#,#,#,#,#,#,#,#,#
wall_str,就是墙壁而已,Computer desk with a mess of things,それはただの壁です,Es solo la pared,Это просто стена,C'est juste le mur,Es ist nur die Wand,Bu sadece duvar,그냥 벽이야.,To tylko ściana,É só a parede,Det er bare væggen,Het is gewoon de muur,È solo il muro,Це просто стіна,Това е само стената,यह सिर्फ दीवार है,إنه فقط الجدار
table_str,电脑桌，上面放满了乱七八糟的东西,I can't run without his computer.,物事の混乱を伴うコンピュータデスク,Escritorio de la computadora con un desastre de cosas,Компьютерный стол с беспорядком вещей,Bureau d'ordinateur avec un tas de choses,Computertisch mit einer Unordnung von Sachen,Şeylerin bilgisayar karışıklığı ile bilgisayar masası,사물의 엉망으로 컴퓨터 책상,Biurko komputerowe z bałaganem rzeczy,Mesa de computador com uma confusão de coisas,Computer skrivebord med et rod af ting,Computerbureau met een puinhoop van dingen,Scrivania del computer con un casino di cose,Комп'ютерний стіл із безладом речей,Компютърно бюро с бъркотия,चीजों की गड़बड़ी के साथ कंप्यूटर डेस्क,مكتب الكمبيوتر مع فوضى الأشياء
chaxiao_str,没有他电脑就没电了,The total source of the connection pin plate,彼のコンピュータがなければ、電気はありません。,"Sin su computadora, no hay electricidad.",Без его компьютера нет электричества.,"Sans son ordinateur, il n'y a pas d'électricité.",Ohne seinen Computer gibt es keinen Strom.,Bilgisayarı olmadan elektrik yok.,그의 컴퓨터가 없으면 전력이 없다.,Bez jego komputera nie ma prądu.,"Sem o seu computador, não há eletricidade.",Uden hans computer er der ingen elektricitet.,Zonder zijn computer is er geen elektriciteit.,"Senza il suo computer, non c'è elettricità.",Без його комп'ютера немає електрики.,Без неговия компютър няма електричество.,"अपने कंप्यूटर के बिना, कोई बिजली नहीं है।",بدون حاسوبه ، لا توجد كهرباء.
chaxiao1_str,连接插销板的总源头,It says small pixel,接続ピンプレートの全源,La fuente total de la placa de contacto,Общий источник соединительной контактной пластины,La source totale de la plaque de broche de connexion,Die Gesamtquelle der Verbindungsstiftplatte,Bağlantı pini plakasının toplam kaynağı,연결 핀 플레이트의 전체 소스,Całkowite źródło płytki stykowej złącza,A fonte total da placa do pino de conexão,Den samlede kilde til forbindelsesstiftet,De totale bron van de verbindingspinnenplaat,La fonte totale della piastra dei pin di connessione,Сумарне джерело підключення контактної пластини,Общият източник на свързващата планка,कनेक्शन पिन प्लेट का कुल स्रोत,المصدر الكلي للوحة دبوس الاتصال
computer_str,上面写着small pixel,Computer host,小さいピクセル,Pequeño pixel,Маленький пиксель,Petit pixel,Kleines Pixel,Küçük piksel,작은 픽셀,Mały piksel,Pixel pequeno,Lille pixel,Kleine pixel,Piccolo pixel,Малий піксель,Малък пиксел,छोटा पिक्सेल,بكسل صغير
host_str,电脑主机,There are 3 towels on it,コンピュータホスト,Computadora host,Компьютерный хост,Hôte informatique,Computer-Host,Bilgisayar konakçısı,컴퓨터 호스트,Host komputera,Host do computador,Computer vært,Computer host,Computer host,Комп'ютерний хост,Хост компютър,कंप्यूटर होस्ट,مضيف الكمبيوتر
towel_str,上面放着3条毛巾,Shower,そこに3つのタオルがあります,Hay 3 toallas en ella,На нем 3 полотенца,Il y a 3 serviettes dessus,Es gibt 3 Handtücher,Üzerinde 3 adet havlu var.,거기에 3 수건이 있습니다.,Dostępne są 3 ręczniki,Existem 3 toalhas,Der er 3 håndklæder på den,Er zijn 3 handdoeken op,Ci sono 3 asciugamani su di esso,На ньому є 3 рушники,На него има 3 кърпи,इस पर 3 तौलिए हैं,هناك 3 المناشف على ذلك
water_tap_str,花洒,Toilet wall,シャワー,Ducha,ливни,Douche,Dusche,Sağanak,샤워,Prysznic,Chuveiro,Byger,douches,docce,Душ,Душове,वर्षा,الاستحمام
water_tap_wall_str,厕所墙壁,a large carpet with dandruff on it,トイレ壁,Pared de aseo,Туалетная стена,Mur de toilette,Toilettenwand,Tuvalet duvar,화장실 벽,Ściana toaletowa,Parede do banheiro,Toilet væg,Wc muur,Parete del bagno,Туалетна стіна,Тоалетна стена,शौचालय की दीवार,جدار المرحاض
carpet_str,一个大号地毯，上面似乎有头皮屑,Sleeping place,それにふけを持つ大きなカーペット,una gran alfombra con caspa,большой ковер с перхотью на нем,un grand tapis avec des pellicules dessus,ein großer Teppich mit Schuppen darauf,üzerinde kepek ile büyük bir halı,비듬이 붙은 커다란 카펫,duży dywan z łupieżem,um grande tapete com caspa nele,et stort tæppe med skæl på den,een groot tapijt met roos erop,un grande tappeto con forfora su di esso,великий килим з лупою на ньому,голям килим с пърхот върху него,उस पर डंड्रफ के साथ एक बड़ी कालीन,سجادة كبيرة مع قشرة الرأس عليها
bad_str,睡觉的地方,Wood bench,眠る場所,Lugar para dormir,Спальное место,Endroit de repos,Schlafplatz,Uyuyan yer,잠자는 숲,Miejsce do spania,Lugar de dormir,Soveplads,Slaapplaats,Posto letto,Спальне місце,Спално място,सोने की जगह,مكان النوم
chair_str,木头板凳，坐久了腰会酸,Is this a kitchen?,長い間座っている木製のベンチは酸っぱくなるでしょう,"Banco de madera, sentado durante mucho tiempo será amargo","Деревянная скамья, сидящая долгое время, будет кислым","Banc de bois, assis pendant une longue période sera aigre","Holzbank, sitzt für eine lange Zeit wird sauer sein",Uzun süre oturacak odun tezgahı ekşi olacak,오랜 시간 앉아있는 나무 벤치는 신맛이납니다.,"Drewniana ławka, siedząca przez długi czas będzie kwaśna","Banco de madeira, sentado por um longo tempo será azedo","Træbænk, der sidder i lang tid, vil være sur","Houten bank, lange tijd zitten zal zuur zijn","La panca di legno, seduta a lungo, sarà acida","Дерев'яна лавка, сидіти довго буде кислим","Дървени пейка, заседание за дълго време ще бъде кисело",लंबे समय तक बैठे लकड़ी की बेंच खट्टा हो जाएगा,مقعد الخشب ، يجلس لفترة طويلة سوف تكون حامضة
kitchen_item_str,这个难道厨房么？,Kitchen wall,これはキッチンですか？,¿Esto es una cocina?,Это кухня?,Est-ce une cuisine?,Ist das eine Küche?,Bu bir mutfak mı?,이게 부엌인가요?,Czy to jest kuchnia?,Isto é uma cozinha?,Er dette et køkken?,Is dit een keuken?,Questa è una cucina?,Це кухня?,Това е кухня?,क्या यह एक रसोईघर है?,هل هذا مطبخ؟
kitchen_wall_str,厨房的墙壁,Iron cabinet,キッチンの壁,Pared de cocina,Кухонная стена,Mur de cuisine,Küchenwand,Mutfak duvar,주방 벽,Ściana kuchenna,Parede da cozinha,Køkkenvæg,Keuken muur,Muro della cucina,Кухонна стіна,Кухненски стени,रसोई की दीवार,جدار المطبخ
cabinet_str,铁柜子，不知道里面装着什么,Dumbbells,鉄のキャビネット、私は何が入っているのか分からない。,"Armario de hierro, no sé qué hay dentro.","Железный кабинет, я не знаю, что внутри.","Cabinet de fer, je ne sais pas ce qu'il y a dedans.","Eisenschrank, ich weiß nicht, was drin ist.",Demir dolabın içinde ne olduğunu bilmiyorum.,"철제 캐비닛, 나는 무엇이 안에 있는지 모른다.","Żelazna szafka, nie wiem, co jest w środku.","Armário de ferro, eu não sei o que tem dentro.","Jernskabinet, jeg ved ikke, hvad der er indeni.","IJzeren kast, ik weet niet wat erin zit.","Armadietto di ferro, non so cosa c'è dentro.","Залізний кабінет, я не знаю, що всередині.","Железен шкаф, не знам какво има вътре.","आयरन कैबिनेट, मुझे नहीं पता कि अंदर क्या है।",مجلس الوزراء الحديد ، لا أعرف ما هو في الداخل.
dumbbell_str,哑铃，太重了，举不起来,Unknown thing,重すぎるダンベルは持ち上げることができません,"Las mancuernas, demasiado pesadas, no pueden levantar","Гантели, слишком тяжелые, не могут поднимать","Les haltères, trop lourds, ne peuvent pas lever","Hanteln, zu schwer, können nicht heben","Halter çok ağır, kaldıramaz",무거운 아령은 들어 올릴 수 없습니다.,"Hantle, zbyt ciężkie, nie mogą się podnieść","Halteres, muito pesados, não podem levantar","Håndvægte, for tung, kan ikke løfte","Halters, te zwaar, kunnen niet optillen","I manubri, troppo pesanti, non possono sollevarsi","Гантелі, занадто важкі, не піднімаються","Дъмбели, твърде тежки, не могат да се вдигнат","डंबेल, बहुत भारी, उठा नहीं सकते हैं",الدمبل ، ثقيل جدا ، لا يمكن رفعه
unknown_str,未知的东西,Open door,不明なもの,Cosa desconocida,Неизвестная вещь,Chose inconnue,Unbekannte Sache,Bilinmeyen bir şey,알 수없는 것,Nieznana rzecz,Coisa desconhecida,Ukendt ting,Onbekend ding,Cosa sconosciuta,Невідома річ,Незнайно нещо,अज्ञात बात,شيء غير معروف
door_str,打开的门,Drainage channel,オープンドア,Puerta abierta,Открытая дверь,Porte ouverte,Tür öffnen,Açık kapı,문 열림,Otwórz drzwi,Porta aberta,Åben dør,Open de deur,Porta aperta,Відкриті двері,Отвори вратата,खुला दरवाजा,افتح الباب
drainage_str,排水道,Bathroom wall,排水路,Canal de drenaje,Дренажный канал,Canal de drainage,Entwässerungskanal,Drenaj kanalı,배수 채널,Kanał odwadniający,Canal de drenagem,Drænkanal,Drainage kanaal,Canale di drenaggio,Дренажний канал,Канализационен канал,ड्रेनेज चैनल,قناة الصرف
bathroom_wall_str,卫生间的墙壁,Bathroom wall,バスルームの壁,Pared del baño,Стены для ванной,Mur de salle,Badezimmerwand,Banyo duvar,욕실 벽,Ściana łazienki,Parede do banheiro,Badeværelsesvæg,Badkamer muur,Muro del bagno,Ванна стінка,Баня стена,बाथरूम की दीवार,جدار الحمام
